game_id,date,season,game_type,team,opponent,team_win,wembanyama_points,wembanyama_player_ts_pct,wembanyama_player_efg_pct,wembanyama_fta,wembanyama_rebounds,wembanyama_blocks,wembanyama_assists,wembanyama_turnovers,wembanyama_pf,wembanyama_plus_minus,team_bench_points,team_bench_rebounds,team_bench_assists,team_bench_plus_minus,opponent_bench_points,opponent_bench_rebounds,opponent_bench_assists,opponent_bench_plus_minus,bench_margin,opp_fg3a,opp_fg3_pct
22400074,2024-10-24,2024-25,regular_season,SAS,DAL,0,17.0,0.4118217054263566,0.3055555555555556,6.0,9.0,1.0,1.0,4.0,1.0,-20.0,36,19,14,29,29,14,8,19,7,44,0.432
22400094,2024-10-26,2024-25,regular_season,SAS,HOU,1,29.0,0.7066276803118908,0.6470588235294118,8.0,7.0,3.0,1.0,3.0,3.0,0.0,28,18,15,4,30,12,5,-18,-2,41,0.317
22400109,2024-10-28,2024-25,regular_season,SAS,HOU,0,14.0,0.4704301075268817,0.4642857142857143,2.0,20.0,4.0,5.0,4.0,3.0,-7.0,42,11,9,7,23,12,3,7,19,37,0.405
22400125,2024-10-30,2024-25,regular_season,SAS,OKC,0,6.0,0.4437869822485207,0.2,4.0,8.0,3.0,2.0,4.0,0.0,-4.0,29,19,4,-27,27,16,10,16,2,41,0.415
22400130,2024-10-31,2024-25,regular_season,SAS,UTA,1,25.0,0.5863039399624765,0.55,3.0,9.0,5.0,7.0,3.0,3.0,43.0,32,11,3,-27,35,19,5,-46,-3,32,0.219
22400146,2024-11-02,2024-25,regular_season,SAS,MIN,1,17.0,0.535264483627204,0.5,2.0,6.0,2.0,3.0,3.0,4.0,13.0,23,13,9,3,29,13,12,0,-6,37,0.297
22400168,2024-11-04,2024-25,regular_season,SAS,LAC,0,24.0,0.505050505050505,0.45454545454545453,4.0,13.0,9.0,3.0,2.0,3.0,-21.0,31,10,3,-10,24,13,12,-17,7,37,0.514
22400173,2024-11-06,2024-25,regular_season,SAS,HOU,0,15.0,0.5040322580645161,0.4642857142857143,2.0,6.0,3.0,0.0,4.0,0.0,-18.0,47,24,12,-62,55,21,10,56,-8,27,0.37
22400183,2024-11-07,2024-25,regular_season,SAS,POR,1,12.0,0.41899441340782123,0.38461538461538464,3.0,8.0,3.0,2.0,4.0,0.0,-7.0,55,15,16,34,31,12,9,-17,24,32,0.281
22400197,2024-11-09,2024-25,regular_season,SAS,UTA,0,24.0,0.7556675062972292,0.7333333333333333,2.0,16.0,7.0,0.0,6.0,3.0,4.0,36,11,10,-8,38,14,5,-11,-2,33,0.303
22400216,2024-11-11,2024-25,regular_season,SAS,SAC,1,34.0,0.743006993006993,0.7272727272727273,2.0,14.0,3.0,6.0,3.0,1.0,24.0,37,9,5,-6,15,4,4,-40,22,38,0.263
22400224,2024-11-13,2024-25,regular_season,SAS,WAS,1,50.0,0.7584951456310679,0.7586206896551724,9.0,6.0,3.0,2.0,1.0,3.0,13.0,48,17,16,-39,38,21,6,-25,10,44,0.409
22400015,2024-11-15,2024-25,regular_season,SAS,LAL,0,28.0,0.56,0.56,0.0,14.0,2.0,5.0,5.0,2.0,-1.0,32,10,8,-31,22,5,0,-18,10,31,0.452
22400232,2024-11-16,2024-25,regular_season,SAS,DAL,0,,,,,,,,,,,33,25,13,11,51,31,9,18,-18,31,0.258
22400025,2024-11-19,2024-25,regular_season,SAS,OKC,1,,,,,,,,,,,32,18,7,6,24,14,1,-14,8,53,0.302
22400262,2024-11-21,2024-25,regular_season,SAS,UTA,1,,,,,,,,,,,44,22,5,6,32,25,5,-18,12,45,0.289
22400269,2024-11-23,2024-25,regular_season,SAS,GSW,1,25.0,0.5492091388400703,0.5238095238095238,4.0,7.0,3.0,9.0,4.0,3.0,16.0,20,22,7,23,37,25,8,-45,-17,44,0.318
22400038,2024-11-26,2024-25,regular_season,SAS,UTA,1,34.0,0.711892797319933,0.6956521739130435,2.0,7.0,3.0,2.0,2.0,1.0,17.0,34,17,12,42,29,8,7,-27,5,35,0.371
22400296,2024-11-27,2024-25,regular_season,SAS,LAL,0,20.0,0.5,0.5,0.0,10.0,3.0,2.0,4.0,1.0,-13.0,29,15,10,-58,34,11,5,34,-5,34,0.382
22400313,2024-12-01,2024-25,regular_season,SAS,SAC,1,34.0,0.8110687022900763,0.7941176470588235,9.0,14.0,3.0,11.0,5.0,5.0,19.0,36,10,8,-14,22,14,3,-4,14,32,0.375
22400057,2024-12-03,2024-25,regular_season,SAS,PHX,0,15.0,0.3972457627118644,0.3611111111111111,2.0,13.0,1.0,7.0,4.0,3.0,-15.0,26,23,6,-17,32,17,10,33,-6,32,0.344
22400331,2024-12-05,2024-25,regular_season,SAS,CHI,0,,,,,,,,,,,39,12,12,-52,41,18,10,25,-2,37,0.459
22400337,2024-12-06,2024-25,regular_season,SAS,SAC,0,,,,,,,,,,,43,20,6,-66,34,6,12,86,9,34,0.471
22400354,2024-12-08,2024-25,regular_season,SAS,NOP,1,25.0,0.7038288288288288,0.65625,4.0,10.0,3.0,1.0,3.0,1.0,5.0,58,32,6,16,24,10,4,3,34,38,0.342
22401215,2024-12-13,2024-25,regular_season,SAS,POR,1,28.0,0.5982905982905983,0.47368421052631576,10.0,7.0,2.0,7.0,3.0,3.0,3.0,23,15,15,-11,16,14,8,7,7,41,0.39
22401218,2024-12-15,2024-25,regular_season,SAS,MIN,0,20.0,0.46904315196998125,0.425,3.0,12.0,7.0,5.0,4.0,4.0,-8.0,27,12,13,-39,38,17,10,35,-11,35,0.343
22400370,2024-12-19,2024-25,regular_season,SAS,ATL,1,42.0,0.7172131147540983,0.6875,12.0,6.0,4.0,5.0,5.0,0.0,17.0,25,12,9,-13,23,21,6,-45,2,38,0.421
22400386,2024-12-21,2024-25,regular_season,SAS,POR,1,30.0,0.7197696737044146,0.625,11.0,7.0,10.0,3.0,1.0,0.0,23.0,50,24,16,17,32,22,8,12,18,43,0.279
22400394,2024-12-23,2024-25,regular_season,SAS,PHI,0,26.0,0.653923541247485,0.631578947368421,2.0,9.0,8.0,4.0,5.0,2.0,-5.0,23,8,6,2,21,13,7,-3,2,44,0.364
22400405,2024-12-25,2024-25,regular_season,SAS,NYK,0,42.0,0.6410256410256411,0.6129032258064516,4.0,18.0,4.0,4.0,4.0,1.0,7.0,18,7,14,1,28,19,4,-9,-10,39,0.333
22400421,2024-12-27,2024-25,regular_season,SAS,BKN,1,19.0,0.6384408602150538,0.6071428571428571,2.0,7.0,6.0,4.0,3.0,4.0,3.0,35,8,8,28,22,17,4,-35,13,41,0.293
22400441,2024-12-29,2024-25,regular_season,SAS,MIN,0,34.0,0.5279503105590062,0.5,5.0,8.0,2.0,2.0,1.0,0.0,5.0,19,12,4,-43,27,12,8,-1,-8,44,0.25
22400451,2024-12-31,2024-25,regular_season,SAS,LAC,1,27.0,0.6404174573055029,0.5833333333333334,7.0,9.0,3.0,5.0,2.0,3.0,22.0,54,29,20,79,28,22,11,-85,26,41,0.268
22400475,2025-01-03,2024-25,regular_season,SAS,DEN,1,35.0,0.7365319865319865,0.7272727272727273,4.0,18.0,2.0,4.0,7.0,5.0,17.0,29,16,6,7,13,6,3,-28,16,39,0.385
22400484,2025-01-04,2024-25,regular_season,SAS,DEN,0,20.0,0.48169556840077066,0.42105263157894735,4.0,23.0,4.0,3.0,4.0,4.0,0.0,38,18,10,-18,18,15,5,-3,20,33,0.303
22400498,2025-01-06,2024-25,regular_season,SAS,CHI,0,23.0,0.5026223776223776,0.5,2.0,14.0,8.0,4.0,5.0,3.0,-6.0,37,17,9,6,14,16,4,-7,23,39,0.333
22400516,2025-01-08,2024-25,regular_season,SAS,MIL,0,10.0,0.5,0.5,0.0,10.0,3.0,1.0,3.0,4.0,-7.0,52,19,8,-31,31,24,7,34,21,42,0.452
22400552,2025-01-13,2024-25,regular_season,SAS,LAL,1,23.0,0.6431767337807607,0.6470588235294118,2.0,8.0,2.0,5.0,1.0,1.0,26.0,27,17,7,28,23,13,4,-37,4,44,0.318
22400567,2025-01-15,2024-25,regular_season,SAS,MEM,0,13.0,0.34210526315789475,0.34210526315789475,0.0,12.0,8.0,2.0,1.0,3.0,-4.0,37,14,6,-24,33,20,7,3,4,38,0.421
22400582,2025-01-17,2024-25,regular_season,SAS,MEM,0,19.0,0.5,0.5,0.0,12.0,6.0,3.0,4.0,0.0,-17.0,33,16,5,-79,44,14,13,39,-11,44,0.432
22400592,2025-01-19,2024-25,regular_season,SAS,MIA,0,21.0,0.5087209302325582,0.5277777777777778,6.0,10.0,1.0,3.0,3.0,2.0,-10.0,32,18,11,-34,36,23,12,13,-4,33,0.545
22400621,2025-01-23,2024-25,regular_season,SAS,IND,1,30.0,0.7142857142857143,0.7142857142857143,0.0,11.0,5.0,6.0,4.0,0.0,18.0,53,28,20,60,33,15,10,-81,20,43,0.302
22400633,2025-01-25,2024-25,regular_season,SAS,IND,0,20.0,0.5494505494505495,0.5,5.0,12.0,1.0,2.0,4.0,1.0,-13.0,19,15,3,-118,47,21,12,95,-28,39,0.436
22400671,2025-01-29,2024-25,regular_season,SAS,LAC,0,23.0,0.6318681318681318,0.59375,5.0,12.0,3.0,4.0,3.0,5.0,-7.0,32,8,6,-16,25,11,3,-18,7,24,0.5
22400684,2025-01-31,2024-25,regular_season,SAS,MIL,1,30.0,0.6499133448873484,0.575,7.0,14.0,6.0,1.0,1.0,3.0,9.0,46,20,16,73,40,18,5,-60,6,37,0.324
22400693,2025-02-01,2024-25,regular_season,SAS,MIA,0,,,,,,,,,,,33,19,16,19,31,16,6,-3,2,42,0.31
22400703,2025-02-03,2024-25,regular_season,SAS,MEM,0,27.0,0.5849220103986136,0.55,7.0,10.0,2.0,5.0,4.0,3.0,8.0,43,20,10,-62,23,13,14,27,20,36,0.389
22400719,2025-02-05,2024-25,regular_season,SAS,ATL,1,24.0,0.6479481641468683,0.6,8.0,12.0,1.0,2.0,1.0,5.0,-12.0,32,13,6,12,16,12,4,-30,16,42,0.381
22400734,2025-02-07,2024-25,regular_season,SAS,CHA,0,16.0,0.3913894324853229,0.375,1.0,11.0,5.0,3.0,1.0,2.0,-1.0,24,16,6,-18,36,16,5,-11,-12,38,0.447
22400743,2025-02-08,2024-25,regular_season,SAS,ORL,0,18.0,0.6198347107438017,0.5,8.0,9.0,4.0,4.0,4.0,1.0,-14.0,23,9,8,24,37,13,6,-16,-14,30,0.333
22400757,2025-02-10,2024-25,regular_season,SAS,WAS,1,31.0,0.6810193321616871,0.6904761904761905,4.0,15.0,3.0,4.0,1.0,2.0,6.0,43,11,8,-13,57,18,10,47,-14,47,0.298
22400769,2025-02-12,2024-25,regular_season,SAS,BOS,0,17.0,0.5035545023696683,0.46875,2.0,13.0,2.0,4.0,2.0,4.0,-6.0,36,11,7,-45,20,12,2,22,16,55,0.327
22400795,2025-02-20,2024-25,regular_season,SAS,PHX,1,,,,,,,,,,,48,19,8,4,13,15,6,-20,35,44,0.364
22400802,2025-02-21,2024-25,regular_season,SAS,DET,0,,,,,,,,,,,31,12,12,-22,40,22,6,-51,-9,35,0.343
22400818,2025-02-23,2024-25,regular_season,SAS,NOP,0,,,,,,,,,,,46,21,13,6,39,26,2,2,7,33,0.333
22400833,2025-02-25,2024-25,regular_season,SAS,NOP,0,,,,,,,,,,,30,28,5,-33,36,23,7,28,-6,31,0.226
22400844,2025-02-26,2024-25,regular_season,SAS,HOU,0,,,,,,,,,,,42,20,11,5,37,24,9,-19,5,38,0.289
22400863,2025-03-01,2024-25,regular_season,SAS,MEM,1,,,,,,,,,,,33,13,12,8,24,14,8,-30,9,38,0.289
22400871,2025-03-02,2024-25,regular_season,SAS,OKC,0,,,,,,,,,,,45,16,16,13,28,18,7,-5,17,44,0.432
22400888,2025-03-04,2024-25,regular_season,SAS,BKN,1,,,,,,,,,,,32,20,11,1,42,18,6,-55,-10,50,0.34
22400910,2025-03-07,2024-25,regular_season,SAS,SAC,0,,,,,,,,,,,37,22,7,-14,25,14,10,-6,12,38,0.447
22400925,2025-03-09,2024-25,regular_season,SAS,MIN,0,,,,,,,,,,,49,18,8,-5,49,19,11,47,0,42,0.5
22400937,2025-03-10,2024-25,regular_season,SAS,DAL,0,,,,,,,,,,,20,12,12,-14,22,11,5,20,-2,38,0.316
22400951,2025-03-12,2024-25,regular_season,SAS,DAL,1,,,,,,,,,,,47,21,4,-4,41,14,10,-11,6,32,0.406
22400964,2025-03-14,2024-25,regular_season,SAS,CHA,0,,,,,,,,,,,54,20,16,-9,50,12,12,-9,4,46,0.565
22400973,2025-03-15,2024-25,regular_season,SAS,NOP,1,,,,,,,,,,,28,17,12,17,29,27,4,-41,-1,35,0.343
22400537,2025-03-17,2024-25,regular_season,SAS,LAL,0,,,,,,,,,,,37,17,17,-35,39,9,7,4,-2,48,0.396
22401003,2025-03-19,2024-25,regular_season,SAS,NYK,1,,,,,,,,,,,60,23,9,54,32,15,6,-2,28,37,0.297
22401018,2025-03-21,2024-25,regular_season,SAS,PHI,1,,,,,,,,,,,36,11,7,-11,35,10,6,-19,1,37,0.378
22401033,2025-03-23,2024-25,regular_season,SAS,TOR,1,,,,,,,,,,,60,24,9,63,24,14,6,-95,36,39,0.256
22401046,2025-03-25,2024-25,regular_season,SAS,DET,0,,,,,,,,,,,37,19,10,-84,41,21,18,72,-4,31,0.484
22401059,2025-03-27,2024-25,regular_season,SAS,CLE,0,,,,,,,,,,,40,20,8,-31,28,18,4,25,12,48,0.354
22401080,2025-03-29,2024-25,regular_season,SAS,BOS,0,,,,,,,,,,,22,9,3,-26,29,12,4,-4,-7,51,0.333
22401086,2025-03-30,2024-25,regular_season,SAS,GSW,0,,,,,,,,,,,58,12,16,-111,56,24,16,87,2,44,0.477
22400988,2025-04-01,2024-25,regular_season,SAS,ORL,0,,,,,,,,,,,25,16,9,-3,29,22,8,13,-4,47,0.383
22401110,2025-04-02,2024-25,regular_season,SAS,DEN,1,,,,,,,,,,,47,13,5,30,23,10,5,-15,24,44,0.295
22401124,2025-04-04,2024-25,regular_season,SAS,CLE,0,,,,,,,,,,,20,21,4,-35,23,14,6,31,-3,51,0.431
22401139,2025-04-06,2024-25,regular_season,SAS,POR,0,,,,,,,,,,,24,17,7,-52,28,9,6,32,-4,41,0.366
22401155,2025-04-08,2024-25,regular_season,SAS,LAC,0,,,,,,,,,,,50,23,15,38,27,13,3,-15,23,30,0.467
22401163,2025-04-09,2024-25,regular_season,SAS,GSW,1,,,,,,,,,,,26,19,6,-4,26,13,5,-8,0,48,0.333
22401182,2025-04-11,2024-25,regular_season,SAS,PHX,0,,,,,,,,,,,33,18,7,-33,31,23,7,-15,2,47,0.404
22401197,2025-04-13,2024-25,regular_season,SAS,TOR,1,,,,,,,,,,,35,15,8,12,24,2,1,-10,11,39,0.359
22500004,2025-10-22,2025-26,regular_season,SAS,DAL,1,40.0,0.7739938080495357,0.7380952380952381,11.0,15.0,3.0,1.0,0.0,4.0,31.0,38,19,10,43,31,8,16,-62,7,21,0.429
22500095,2025-10-24,2025-26,regular_season,SAS,NOP,1,29.0,0.58562197092084,0.5652173913043478,4.0,11.0,9.0,2.0,0.0,6.0,-12.0,53,27,6,-30,16,11,5,-21,37,32,0.313
22500105,2025-10-26,2025-26,regular_season,SAS,BKN,1,31.0,0.5615942028985507,0.5,15.0,14.0,6.0,4.0,2.0,3.0,13.0,26,10,9,17,27,12,11,-1,-1,50,0.32
22500118,2025-10-27,2025-26,regular_season,SAS,TOR,1,24.0,0.9677419354838709,0.875,10.0,15.0,1.0,4.0,4.0,1.0,35.0,31,15,5,0,39,7,12,-30,-8,32,0.375
22500141,2025-10-30,2025-26,regular_season,SAS,MIA,1,27.0,0.5090497737556561,0.45652173913043476,8.0,18.0,5.0,6.0,3.0,3.0,3.0,30,8,7,4,11,13,12,-31,19,38,0.395
22500154,2025-11-02,2025-26,regular_season,SAS,PHX,0,9.0,0.32142857142857145,0.32142857142857145,0.0,9.0,4.0,2.0,6.0,4.0,-3.0,57,14,9,23,50,16,11,-60,7,33,0.576
22500179,2025-11-05,2025-26,regular_season,SAS,LAL,0,19.0,0.5042462845010616,0.35714285714285715,11.0,8.0,1.0,3.0,5.0,6.0,-2.0,38,8,4,-16,21,6,4,1,17,31,0.323
22500032,2025-11-07,2025-26,regular_season,SAS,HOU,1,22.0,0.5901287553648068,0.5,6.0,8.0,2.0,4.0,4.0,5.0,5.0,24,11,7,-21,26,17,4,-18,-2,27,0.481
22500188,2025-11-08,2025-26,regular_season,SAS,NOP,1,18.0,0.47368421052631576,0.47368421052631576,0.0,18.0,3.0,3.0,5.0,2.0,5.0,37,14,12,8,22,18,5,-46,15,38,0.395
22500202,2025-11-10,2025-26,regular_season,SAS,CHI,1,38.0,0.811965811965812,0.7368421052631579,10.0,12.0,5.0,5.0,3.0,4.0,13.0,36,21,6,-12,28,18,6,21,8,38,0.421
22500220,2025-11-12,2025-26,regular_season,SAS,GSW,0,31.0,0.6290584415584416,0.5681818181818182,6.0,15.0,1.0,10.0,8.0,5.0,-9.0,27,15,4,-14,20,15,6,-15,7,57,0.368
22500047,2025-11-14,2025-26,regular_season,SAS,GSW,0,26.0,0.5824372759856631,0.5476190476190477,3.0,12.0,3.0,4.0,3.0,1.0,6.0,27,15,5,7,19,13,3,5,8,45,0.378
22500234,2025-11-16,2025-26,regular_season,SAS,SAC,1,,,,,,,,,,,34,26,16,-6,14,5,3,-30,20,33,0.364
22500252,2025-11-18,2025-26,regular_season,SAS,MEM,1,,,,,,,,,,,34,18,7,22,31,26,13,-57,3,39,0.308
22500267,2025-11-20,2025-26,regular_season,SAS,ATL,1,,,,,,,,,,,33,17,13,13,33,12,11,-29,0,37,0.541
22500281,2025-11-23,2025-26,regular_season,SAS,PHX,0,,,,,,,,,,,30,20,5,-44,23,17,8,8,7,38,0.368
22500067,2025-11-26,2025-26,regular_season,SAS,POR,1,,,,,,,,,,,24,20,5,5,25,16,6,-32,-1,36,0.25
22500076,2025-11-28,2025-26,regular_season,SAS,DEN,1,,,,,,,,,,,42,12,7,42,20,17,5,-8,22,39,0.41
22500306,2025-11-30,2025-26,regular_season,SAS,MIN,0,,,,,,,,,,,33,13,7,-8,25,13,7,-1,8,37,0.459
22500322,2025-12-02,2025-26,regular_season,SAS,MEM,1,,,,,,,,,,,43,14,11,11,52,18,16,-25,-9,26,0.346
22500326,2025-12-03,2025-26,regular_season,SAS,ORL,1,,,,,,,,,,,38,24,8,-18,37,21,4,0,1,27,0.333
22500341,2025-12-05,2025-26,regular_season,SAS,CLE,0,,,,,,,,,,,36,17,11,-2,38,15,11,-14,-2,26,0.308
22500366,2025-12-08,2025-26,regular_season,SAS,NOP,1,,,,,,,,,,,53,25,9,29,23,5,9,-66,30,26,0.269
22501204,2025-12-10,2025-26,regular_season,SAS,LAL,1,,,,,,,,,,,62,24,13,15,16,11,2,-49,46,37,0.432
22501230,2025-12-13,2025-26,regular_season,SAS,OKC,1,22.0,0.6756756756756757,0.5909090909090909,12.0,9.0,2.0,2.0,5.0,2.0,21.0,35,27,4,-12,30,24,6,-14,5,37,0.243
22500370,2025-12-18,2025-26,regular_season,SAS,WAS,1,15.0,0.6313131313131313,0.5909090909090909,2.0,8.0,4.0,4.0,2.0,1.0,14.0,42,30,11,58,31,21,11,-41,11,36,0.25
22500383,2025-12-19,2025-26,regular_season,SAS,ATL,1,26.0,0.7190265486725664,0.7333333333333333,7.0,12.0,2.0,3.0,2.0,1.0,29.0,50,26,10,34,30,14,8,-44,20,40,0.25
22500399,2025-12-21,2025-26,regular_season,SAS,WAS,1,14.0,0.4888268156424581,0.46153846153846156,3.0,12.0,2.0,2.0,2.0,1.0,5.0,34,30,6,29,26,15,4,-32,8,45,0.244
22500417,2025-12-23,2025-26,regular_season,SAS,OKC,1,12.0,0.6072874493927125,0.6111111111111112,2.0,5.0,0.0,3.0,3.0,3.0,13.0,55,20,18,56,30,10,6,-47,25,30,0.4
22500010,2025-12-25,2025-26,regular_season,SAS,OKC,1,19.0,0.6690140845070423,0.5833333333333334,5.0,11.0,1.0,2.0,3.0,2.0,13.0,30,20,5,38,37,12,5,-43,-7,44,0.25
22500440,2025-12-27,2025-26,regular_season,SAS,UTA,0,32.0,0.6525285481239804,0.5714285714285714,8.0,7.0,5.0,3.0,3.0,3.0,-6.0,40,22,5,-23,26,14,13,0,14,37,0.459
22500456,2025-12-29,2025-26,regular_season,SAS,CLE,0,26.0,0.6109022556390977,0.5,12.0,14.0,1.0,3.0,2.0,1.0,-17.0,36,24,4,1,40,23,8,26,-4,42,0.31
22500467,2025-12-31,2025-26,regular_season,SAS,NYK,1,31.0,0.9451219512195123,0.9166666666666666,10.0,13.0,1.0,1.0,3.0,3.0,17.0,41,25,7,-27,40,16,13,48,1,52,0.423
22500476,2026-01-02,2025-26,regular_season,SAS,IND,1,,,,,,,,,,,33,21,6,-1,44,10,8,-37,-11,30,0.4
22500490,2026-01-03,2025-26,regular_season,SAS,POR,0,,,,,,,,,,,18,15,6,-13,20,13,4,12,-2,45,0.422
22500512,2026-01-06,2025-26,regular_season,SAS,MEM,0,30.0,0.6377551020408163,0.575,8.0,5.0,1.0,3.0,2.0,2.0,2.0,41,17,9,-6,27,23,12,17,14,49,0.367
22500523,2026-01-07,2025-26,regular_season,SAS,LAL,1,16.0,0.477326968973747,0.4666666666666667,4.0,14.0,4.0,2.0,4.0,3.0,9.0,33,27,6,11,22,15,3,-39,11,39,0.231
22500545,2026-01-10,2025-26,regular_season,SAS,BOS,1,21.0,0.5597014925373134,0.5,4.0,6.0,3.0,1.0,0.0,0.0,15.0,34,18,4,16,14,22,8,-7,20,44,0.364
22500552,2026-01-11,2025-26,regular_season,SAS,MIN,0,29.0,0.6473214285714286,0.5277777777777778,10.0,7.0,0.0,1.0,1.0,5.0,17.0,24,17,4,-36,18,15,6,-4,6,39,0.308
22500568,2026-01-13,2025-26,regular_season,SAS,OKC,0,17.0,0.48185941043083896,0.4666666666666667,6.0,7.0,1.0,1.0,1.0,2.0,-14.0,22,14,3,-38,41,17,10,62,-19,30,0.367
22500582,2026-01-15,2025-26,regular_season,SAS,MIL,1,22.0,0.8258258258258258,0.7916666666666666,3.0,10.0,2.0,1.0,1.0,2.0,27.0,34,20,7,-11,51,18,9,22,-17,48,0.354
22500598,2026-01-17,2025-26,regular_season,SAS,MIN,1,39.0,0.668724279835391,0.6086956521739131,14.0,9.0,2.0,3.0,2.0,2.0,5.0,27,17,16,10,7,9,7,-29,20,34,0.412
22500611,2026-01-19,2025-26,regular_season,SAS,UTA,1,33.0,0.7994186046511628,0.75,6.0,10.0,2.0,1.0,1.0,3.0,8.0,30,14,10,6,31,17,7,-24,-1,37,0.351
22500615,2026-01-20,2025-26,regular_season,SAS,HOU,0,14.0,0.30755711775043937,0.23809523809523808,4.0,10.0,0.0,2.0,1.0,4.0,-14.0,26,11,7,5,19,10,2,3,7,27,0.37
22500632,2026-01-22,2025-26,regular_season,SAS,UTA,1,26.0,0.8248730964467005,0.7857142857142857,4.0,14.0,5.0,3.0,3.0,2.0,19.0,15,12,6,1,28,16,6,-26,-13,30,0.4
22500654,2026-01-25,2025-26,regular_season,SAS,NOP,0,16.0,0.4291845493562232,0.4375,6.0,16.0,4.0,0.0,3.0,3.0,-12.0,34,18,8,16,20,15,2,-37,14,34,0.265
22500679,2026-01-28,2025-26,regular_season,SAS,HOU,1,28.0,0.6481481481481481,0.5333333333333333,15.0,16.0,5.0,3.0,4.0,4.0,6.0,23,12,5,27,15,15,4,6,8,23,0.348
22500697,2026-01-31,2025-26,regular_season,SAS,CHA,0,16.0,0.477326968973747,0.4,4.0,8.0,0.0,1.0,2.0,2.0,-14.0,37,11,6,-5,30,13,8,-4,7,35,0.371
22500703,2026-02-01,2025-26,regular_season,SAS,ORL,1,25.0,0.6377551020408163,0.5384615384615384,15.0,8.0,5.0,2.0,2.0,3.0,14.0,39,22,10,-28,36,8,5,25,3,30,0.333
22500730,2026-02-04,2025-26,regular_season,SAS,OKC,1,22.0,0.5635245901639344,0.59375,8.0,14.0,2.0,2.0,2.0,1.0,17.0,37,27,8,-8,22,13,7,-4,15,47,0.404
22500738,2026-02-05,2025-26,regular_season,SAS,DAL,1,29.0,0.8276255707762558,0.8214285714285714,8.0,11.0,3.0,6.0,3.0,4.0,14.0,44,21,14,26,15,12,9,-13,29,31,0.387
22500749,2026-02-07,2025-26,regular_season,SAS,DAL,1,16.0,0.5076142131979695,0.4642857142857143,4.0,11.0,3.0,1.0,0.0,1.0,3.0,39,19,5,-24,59,23,17,6,-20,37,0.405
22500774,2026-02-10,2025-26,regular_season,SAS,LAL,1,40.0,0.7911392405063291,0.75,12.0,12.0,1.0,2.0,4.0,2.0,22.0,45,21,20,48,55,21,9,-74,-10,25,0.44
22500788,2026-02-11,2025-26,regular_season,SAS,GSW,1,26.0,0.6074766355140188,0.5294117647058824,10.0,9.0,2.0,4.0,1.0,2.0,7.0,30,20,11,14,45,10,15,-15,-15,47,0.34
22500798,2026-02-19,2025-26,regular_season,SAS,PHX,1,17.0,0.535264483627204,0.5,2.0,11.0,5.0,4.0,1.0,1.0,23.0,52,27,14,51,31,20,10,-40,21,42,0.286
22500815,2026-02-21,2025-26,regular_season,SAS,SAC,1,28.0,0.6065857885615252,0.575,7.0,15.0,4.0,6.0,1.0,3.0,32.0,59,16,12,-18,39,14,13,4,20,32,0.281
22500828,2026-02-23,2025-26,regular_season,SAS,DET,1,21.0,0.5379098360655737,0.4375,8.0,17.0,6.0,4.0,3.0,4.0,13.0,22,14,5,3,30,13,3,-20,-8,36,0.194
22500843,2026-02-25,2025-26,regular_season,SAS,TOR,1,12.0,0.4098360655737705,0.2916666666666667,6.0,8.0,5.0,3.0,3.0,2.0,19.0,32,14,10,-10,25,17,6,-30,7,23,0.348
22500851,2026-02-26,2025-26,regular_season,SAS,BKN,1,12.0,0.5154639175257731,0.3333333333333333,6.0,8.0,2.0,5.0,1.0,5.0,15.0,56,18,8,27,43,21,9,-50,13,34,0.382
22500868,2026-03-01,2025-26,regular_season,SAS,NYK,0,25.0,0.5963740458015266,0.5,9.0,13.0,4.0,2.0,7.0,2.0,-15.0,23,10,9,-69,31,16,9,75,-8,48,0.354
22500888,2026-03-03,2025-26,regular_season,SAS,PHI,1,10.0,0.6944444444444444,0.7,5.0,8.0,6.0,4.0,3.0,0.0,41.0,54,23,26,88,36,21,8,-112,18,42,0.238
22500904,2026-03-05,2025-26,regular_season,SAS,DET,1,38.0,0.6588072122052705,0.5833333333333334,11.0,16.0,5.0,3.0,0.0,5.0,20.0,19,14,2,-3,40,25,5,-12,-21,28,0.429
22500913,2026-03-06,2025-26,regular_season,SAS,LAC,1,27.0,0.617001828153565,0.6190476190476191,2.0,10.0,4.0,1.0,1.0,2.0,10.0,50,22,6,6,29,14,4,-7,21,33,0.364
22500927,2026-03-08,2025-26,regular_season,SAS,HOU,1,29.0,0.8333333333333334,0.7692307692307693,10.0,8.0,4.0,1.0,0.0,1.0,27.0,60,11,18,26,24,11,6,-40,36,28,0.286
22500942,2026-03-10,2025-26,regular_season,SAS,BOS,1,39.0,0.7713607594936709,0.75,12.0,11.0,2.0,3.0,6.0,2.0,5.0,29,14,7,13,19,11,10,1,10,51,0.373
22500958,2026-03-12,2025-26,regular_season,SAS,DEN,0,,,,,,,,,,,36,24,11,11,21,7,3,-40,15,36,0.333
22500973,2026-03-14,2025-26,regular_season,SAS,CHA,1,32.0,0.6430868167202572,0.6458333333333334,2.0,12.0,4.0,8.0,2.0,3.0,6.0,33,20,2,13,19,15,6,3,14,54,0.333
22500990,2026-03-16,2025-26,regular_season,SAS,LAC,1,21.0,0.4924953095684803,0.5,3.0,13.0,4.0,2.0,3.0,0.0,7.0,30,18,4,17,31,10,4,14,-1,29,0.379
22500998,2026-03-17,2025-26,regular_season,SAS,SAC,1,18.0,0.6048387096774194,0.5714285714285714,2.0,8.0,1.0,3.0,0.0,2.0,23.0,55,28,26,36,28,15,9,-49,27,36,0.389
22501013,2026-03-19,2025-26,regular_season,SAS,PHX,1,34.0,0.6724683544303797,0.55,12.0,12.0,1.0,1.0,3.0,2.0,18.0,13,13,10,-36,17,22,5,24,-4,36,0.306
22501028,2026-03-21,2025-26,regular_season,SAS,IND,1,20.0,0.5175983436853002,0.4722222222222222,3.0,8.0,5.0,6.0,2.0,2.0,14.0,42,23,11,3,45,14,21,-8,-3,35,0.457
22501041,2026-03-23,2025-26,regular_season,SAS,MIA,1,26.0,0.5574614065180102,0.5227272727272727,3.0,15.0,5.0,4.0,2.0,3.0,19.0,35,27,10,42,40,18,17,-37,-5,52,0.308
22501056,2026-03-25,2025-26,regular_season,SAS,MEM,1,19.0,0.5821078431372549,0.5666666666666667,3.0,15.0,7.0,3.0,2.0,1.0,34.0,47,21,12,-27,55,12,8,-36,-8,50,0.32
22501076,2026-03-28,2025-26,regular_season,SAS,MIL,1,23.0,0.45275590551181105,0.3333333333333333,10.0,15.0,1.0,6.0,3.0,1.0,14.0,39,8,13,80,38,16,8,-67,1,46,0.304
22501094,2026-03-30,2025-26,regular_season,SAS,CHI,1,41.0,0.7127955493741307,0.6851851851851852,4.0,16.0,3.0,4.0,2.0,2.0,15.0,33,14,10,-4,35,12,6,-14,-2,44,0.295
22501113,2026-04-01,2025-26,regular_season,SAS,GSW,1,41.0,0.8032915360501568,0.7727272727272727,8.0,18.0,3.0,3.0,0.0,0.0,16.0,39,12,12,23,57,11,9,-40,-18,35,0.4
22501119,2026-04-02,2025-26,regular_season,SAS,LAC,1,,,,,,,,,,,36,12,13,27,19,17,10,-40,17,27,0.185
22501130,2026-04-04,2025-26,regular_season,SAS,DEN,0,34.0,0.6944444444444444,0.5294117647058824,17.0,18.0,5.0,7.0,1.0,3.0,4.0,30,13,5,-3,28,11,3,-23,2,46,0.413
22501146,2026-04-06,2025-26,regular_season,SAS,PHI,1,17.0,0.6661442006269592,0.6818181818181818,4.0,5.0,3.0,1.0,2.0,2.0,7.0,50,21,4,20,18,13,1,-18,32,31,0.323
22501161,2026-04-08,2025-26,regular_season,SAS,POR,1,,,,,,,,,,,31,16,13,26,10,9,1,-49,21,37,0.324
22501180,2026-04-10,2025-26,regular_season,SAS,DAL,1,40.0,0.7183908045977011,0.6521739130434783,11.0,13.0,2.0,5.0,2.0,0.0,10.0,47,23,11,43,32,23,9,-50,15,40,0.375
22501197,2026-04-12,2025-26,regular_season,SAS,DEN,0,,,,,,,,,,,40,18,5,-36,50,27,11,12,-10,30,0.367
42500151,2026-04-19,2025-26,playoffs,SAS,POR,1,35.0,0.7543103448275862,0.7380952380952381,5.0,5.0,2.0,1.0,4.0,2.0,4.0,21,20,4,30,23,18,6,-37,-2,38,0.263
42500152,2026-04-21,2025-26,playoffs,SAS,POR,0,5.0,0.5252100840336135,0.3333333333333333,4.0,4.0,1.0,1.0,2.0,1.0,-7.0,33,11,6,4,26,14,5,-8,7,38,0.342
42500153,2026-04-24,2025-26,playoffs,SAS,POR,1,,,,,,,,,,,17,17,8,26,26,19,3,-23,-9,38,0.368
42500154,2026-04-26,2025-26,playoffs,SAS,POR,1,27.0,0.6578947368421053,0.5588235294117647,8.0,12.0,7.0,3.0,4.0,3.0,28.0,24,12,5,7,22,16,3,-28,2,31,0.323
42500155,2026-04-28,2025-26,playoffs,SAS,POR,1,17.0,0.8817427385892116,0.7857142857142857,6.0,14.0,6.0,3.0,1.0,3.0,20.0,32,14,5,5,37,12,6,-31,-5,47,0.234
42500231,2026-05-04,2025-26,playoffs,SAS,MIN,0,11.0,0.30760626398210295,0.29411764705882354,2.0,15.0,12.0,5.0,3.0,3.0,5.0,32,13,6,-12,32,7,11,8,0,26,0.385
42500232,2026-05-06,2025-26,playoffs,SAS,MIN,1,19.0,0.5821078431372549,0.5333333333333333,3.0,15.0,2.0,2.0,2.0,1.0,12.0,54,26,14,94,43,13,15,-63,11,30,0.3
42500233,2026-05-08,2025-26,playoffs,SAS,MIN,1,39.0,0.8376288659793814,0.8055555555555556,12.0,15.0,5.0,1.0,1.0,5.0,16.0,27,8,2,-11,18,11,4,3,9,40,0.35
42500234,2026-05-10,2025-26,playoffs,SAS,MIN,0,4.0,0.4,0.4,0.0,4.0,0.0,1.0,2.0,3.0,-1.0,19,18,3,-13,27,15,8,14,-8,27,0.37
42500235,2026-05-12,2025-26,playoffs,SAS,MIN,1,27.0,0.6763527054108216,0.625,9.0,17.0,3.0,5.0,4.0,1.0,24.0,44,18,7,56,15,10,6,-62,29,33,0.273
42500236,2026-05-15,2025-26,playoffs,SAS,MIN,1,19.0,0.6350267379679144,0.5454545454545454,9.0,6.0,3.0,2.0,4.0,3.0,25.0,44,28,18,32,41,11,9,-21,3,34,0.353
42500311,2026-05-18,2025-26,playoffs,SAS,OKC,1,41.0,0.6673177083333334,0.58,13.0,24.0,3.0,3.0,3.0,4.0,16.0,16,5,2,-5,22,16,4,-17,-6,45,0.378
42500312,2026-05-20,2025-26,playoffs,SAS,OKC,0,21.0,0.6220379146919431,0.59375,2.0,17.0,4.0,6.0,4.0,3.0,1.0,27,9,4,-25,47,14,15,3,-20,36,0.361
42500313,2026-05-22,2025-26,playoffs,SAS,OKC,0,26.0,0.6701030927835052,0.6,10.0,4.0,2.0,3.0,2.0,3.0,4.0,23,9,6,-62,33,24,10,2,-10,38,0.447
42500314,2026-05-24,2025-26,playoffs,SAS,OKC,1,33.0,0.635593220338983,0.5681818181818182,9.0,8.0,3.0,5.0,4.0,2.0,29.0,30,21,4,27,36,24,9,-61,-6,33,0.182
42500315,2026-05-26,2025-26,playoffs,SAS,OKC,0,20.0,0.49309664694280075,0.26666666666666666,12.0,6.0,3.0,1.0,2.0,2.0,-8.0,33,14,5,-16,40,13,7,4,-7,32,0.438
42500316,2026-05-28,2025-26,playoffs,SAS,OKC,1,28.0,0.6151142355008787,0.5714285714285714,4.0,10.0,3.0,2.0,3.0,0.0,13.0,46,25,8,50,44,18,9,-74,2,40,0.25
42500317,2026-05-30,2025-26,playoffs,SAS,OKC,1,22.0,0.6084070796460177,0.5666666666666667,7.0,7.0,1.0,2.0,1.0,5.0,7.0,27,15,4,13,24,8,2,-32,3,35,0.343
42500401,2026-06-03,2025-26,playoffs,SAS,NYK,1,5.0,0.625,0.625,0.0,1.0,1.0,0.0,1.0,0.0,-3.0,2,3,0,15,3,1,0,-17,-1,7,0.286
