date,season,game_type,opponent,is_home,knicks_score,opponent_score,margin,knicks_win,knicks_fgm,knicks_fga,knicks_fg_pct,knicks_fg3m,knicks_fg3a,knicks_fg3_pct,knicks_ftm,knicks_fta,knicks_ft_pct,knicks_oreb,knicks_dreb,knicks_reb,knicks_ast,knicks_tov,knicks_stl,knicks_blk,knicks_pf,knicks_pts,opp_fgm,opp_fga,opp_fg_pct,opp_fg3m,opp_fg3a,opp_fg3_pct,opp_ftm,opp_fta,opp_ft_pct,opp_oreb,opp_dreb,opp_reb,opp_ast,opp_tov,opp_stl,opp_blk,opp_pf,opp_pts,knicks_efg_pct,opp_efg_pct,knicks_tov_margin,rebound_margin,oreb_margin,three_point_attempt_margin,free_throw_attempt_margin,assist_turnover_ratio,opp_assist_turnover_ratio,point_margin,game_type_binary
2024-10-22,2024-25,regular_season,BOS,0,109.0,132.0,-23.0,0,43,78,0.551,11,30,0.367,12,16,0.75,5,29,34,20,12,2,3,12,109,48,95,0.505,29,61,0.475,7,8,0.875,11,29,40,33,4,6,3,15,132,0.6217948717948718,0.6578947368421053,8,-6,-6,-31,8,1.6666666666666667,8.25,-23.0,0
2024-10-25,2024-25,regular_season,IND,1,123.0,98.0,25.0,1,44,84,0.524,12,27,0.444,23,29,0.793,11,32,43,19,12,5,4,18,123,41,83,0.494,3,30,0.1,13,20,0.65,9,24,33,28,16,8,6,24,98,0.5952380952380952,0.5120481927710844,-4,10,2,-3,9,1.5833333333333333,1.75,25.0,0
2024-10-28,2024-25,regular_season,CLE,1,104.0,110.0,-6.0,0,40,90,0.444,9,28,0.321,15,18,0.833,13,30,43,22,16,8,3,21,104,39,82,0.476,12,36,0.333,20,24,0.833,9,32,41,21,14,10,5,20,110,0.49444444444444446,0.5487804878048781,2,2,4,-8,-6,1.375,1.5,-6.0,0
2024-10-30,2024-25,regular_season,MIA,0,116.0,107.0,9.0,1,40,82,0.488,18,40,0.45,18,20,0.9,7,35,42,30,11,8,4,16,116,37,81,0.457,17,40,0.425,16,24,0.667,7,32,39,27,10,6,3,17,107,0.5975609756097561,0.5617283950617284,1,3,0,0,-4,2.727272727272727,2.7,9.0,0
2024-11-01,2024-25,regular_season,DET,0,128.0,98.0,30.0,1,52,101,0.515,18,38,0.474,6,10,0.6,12,33,45,31,10,16,3,14,128,41,81,0.506,11,34,0.324,5,7,0.714,6,32,38,23,22,6,9,12,98,0.6039603960396039,0.5740740740740741,-12,7,6,4,3,3.1,1.0454545454545454,30.0,0
2024-11-04,2024-25,regular_season,HOU,0,97.0,109.0,-12.0,0,34,88,0.386,11,28,0.393,18,21,0.857,13,26,39,20,10,6,4,18,97,43,88,0.489,8,33,0.242,15,18,0.833,11,39,50,21,11,4,6,20,109,0.44886363636363635,0.5340909090909091,-1,-11,2,-5,3,2.0,1.9090909090909092,-12.0,0
2024-11-06,2024-25,regular_season,ATL,0,116.0,121.0,-5.0,0,41,84,0.488,22,47,0.468,12,15,0.8,7,34,41,29,16,5,5,18,116,45,100,0.45,15,38,0.395,16,22,0.727,16,32,48,31,8,12,4,14,121,0.6190476190476191,0.525,8,-7,-9,9,-7,1.8125,3.875,-5.0,0
2024-11-08,2024-25,regular_season,MIL,1,116.0,94.0,22.0,1,43,91,0.473,14,46,0.304,16,19,0.842,14,34,48,35,11,7,3,20,116,36,83,0.434,7,30,0.233,15,23,0.652,11,30,41,20,12,1,5,16,94,0.5494505494505495,0.4759036144578313,-1,7,3,16,-4,3.1818181818181817,1.6666666666666667,22.0,0
2024-11-10,2024-25,regular_season,IND,0,121.0,132.0,-11.0,0,46,83,0.554,7,25,0.28,22,27,0.815,8,31,39,23,14,5,3,20,121,45,88,0.511,21,46,0.457,21,25,0.84,5,27,32,27,10,6,4,22,132,0.5963855421686747,0.6306818181818182,4,7,3,-21,2,1.6428571428571428,2.7,-11.0,0
2024-11-12,2024-25,regular_season,PHI,0,111.0,99.0,12.0,1,44,89,0.494,9,31,0.29,14,15,0.933,8,39,47,31,15,8,5,15,111,31,83,0.373,14,42,0.333,23,24,0.958,9,31,40,19,15,10,6,20,99,0.5449438202247191,0.4578313253012048,0,7,-1,-11,-9,2.066666666666667,1.2666666666666666,12.0,0
2024-11-13,2024-25,regular_season,CHI,1,123.0,124.0,-1.0,0,48,94,0.511,15,37,0.405,12,18,0.667,10,30,40,31,15,7,3,17,123,44,82,0.537,14,36,0.389,22,27,0.815,7,33,40,31,18,10,6,17,124,0.5904255319148937,0.6219512195121951,-3,0,3,1,-9,2.066666666666667,1.7222222222222223,-1.0,0
2024-11-15,2024-25,regular_season,BKN,1,124.0,122.0,2.0,1,44,83,0.53,13,38,0.342,23,28,0.821,8,37,45,25,13,7,6,21,124,39,89,0.438,19,46,0.413,25,28,0.893,10,27,37,27,9,8,2,22,122,0.608433734939759,0.5449438202247191,4,8,-2,-8,0,1.9230769230769231,3.0,2.0,0
2024-11-17,2024-25,regular_season,BKN,1,114.0,104.0,10.0,1,43,88,0.489,13,40,0.325,15,19,0.789,10,37,47,33,8,4,5,23,114,32,76,0.421,17,41,0.415,23,30,0.767,7,28,35,31,9,1,3,19,104,0.5625,0.5328947368421053,-1,12,3,-1,-11,4.125,3.4444444444444446,10.0,0
2024-11-18,2024-25,regular_season,WAS,1,134.0,106.0,28.0,1,51,91,0.56,20,40,0.5,12,13,0.923,7,34,41,37,8,4,1,12,134,43,91,0.473,11,33,0.333,9,16,0.563,12,29,41,23,10,5,3,19,106,0.6703296703296703,0.532967032967033,-2,0,-5,7,-3,4.625,2.3,28.0,0
2024-11-20,2024-25,regular_season,PHX,0,138.0,122.0,16.0,1,50,86,0.581,19,39,0.487,19,21,0.905,10,31,41,30,15,10,0,15,138,45,92,0.489,19,50,0.38,13,17,0.765,11,23,34,30,14,9,2,16,122,0.6918604651162791,0.592391304347826,1,7,-1,-11,4,2.0,2.142857142857143,16.0,0
2024-11-23,2024-25,regular_season,UTA,0,106.0,121.0,-15.0,0,39,100,0.39,17,51,0.333,11,12,0.917,11,29,40,25,9,10,10,19,106,44,87,0.506,19,34,0.559,14,19,0.737,9,43,52,30,18,4,4,19,121,0.475,0.6149425287356322,-9,-12,2,17,-7,2.7777777777777777,1.6666666666666667,-15.0,0
2024-11-25,2024-25,regular_season,DEN,0,145.0,118.0,27.0,1,56,92,0.609,19,36,0.528,14,16,0.875,8,35,43,45,11,5,4,23,145,41,92,0.446,11,33,0.333,25,27,0.926,10,23,33,23,11,5,3,18,118,0.7119565217391305,0.5054347826086957,0,10,-2,3,-11,4.090909090909091,2.090909090909091,27.0,0
2024-11-27,2024-25,regular_season,DAL,0,114.0,129.0,-15.0,0,40,86,0.465,7,29,0.241,27,30,0.9,7,26,33,20,9,9,3,19,114,48,85,0.565,17,33,0.515,16,21,0.762,10,33,43,27,13,6,4,25,129,0.5058139534883721,0.6647058823529411,-4,-10,-3,-4,9,2.2222222222222223,2.076923076923077,-15.0,0
2024-11-29,2024-25,regular_season,CHA,0,99.0,98.0,1.0,1,36,81,0.444,12,32,0.375,15,19,0.789,12,32,44,20,21,7,5,19,99,36,89,0.404,15,47,0.319,11,15,0.733,14,25,39,25,15,8,6,19,98,0.5185185185185185,0.4887640449438202,6,5,-2,-15,4,0.9523809523809523,1.6666666666666667,1.0,0
2024-12-01,2024-25,regular_season,NOP,1,118.0,85.0,33.0,1,42,92,0.457,20,45,0.444,14,16,0.875,14,46,60,30,17,10,9,14,118,35,94,0.372,4,27,0.148,11,17,0.647,13,29,42,20,14,14,9,19,85,0.5652173913043478,0.39361702127659576,3,18,1,18,-1,1.7647058823529411,1.4285714285714286,33.0,0
2024-12-03,2024-25,regular_season,ORL,1,121.0,106.0,15.0,1,43,85,0.506,15,35,0.429,20,20,1.0,5,34,39,30,19,6,4,25,121,38,87,0.437,9,39,0.231,21,25,0.84,9,29,38,20,16,9,4,19,106,0.5941176470588235,0.4885057471264368,3,1,-4,-4,-5,1.5789473684210527,1.25,15.0,0
2024-12-05,2024-25,regular_season,CHA,1,125.0,101.0,24.0,1,41,76,0.539,18,33,0.545,25,32,0.781,6,37,43,29,9,7,4,13,125,40,89,0.449,15,39,0.385,6,10,0.6,10,30,40,27,11,3,4,22,101,0.6578947368421053,0.5337078651685393,-2,3,-4,-6,22,3.2222222222222223,2.4545454545454546,24.0,0
2024-12-07,2024-25,regular_season,DET,1,111.0,120.0,-9.0,0,42,79,0.532,11,34,0.324,16,27,0.593,4,27,31,27,15,11,5,12,111,43,83,0.518,18,36,0.5,16,19,0.842,9,34,43,28,19,7,0,20,120,0.6012658227848101,0.6265060240963856,-4,-12,-5,-2,8,1.8,1.4736842105263157,-9.0,0
2024-12-09,2024-25,regular_season,TOR,0,113.0,108.0,5.0,1,42,82,0.512,17,40,0.425,12,19,0.632,6,34,40,32,10,7,7,13,113,43,96,0.448,13,35,0.371,9,11,0.818,17,34,51,23,13,4,4,16,108,0.6158536585365854,0.515625,-3,-11,-11,5,8,3.2,1.7692307692307692,5.0,0
2024-12-11,2024-25,regular_season,ATL,1,100.0,108.0,-8.0,0,40,93,0.43,11,42,0.262,9,15,0.6,12,37,49,27,15,8,11,14,100,43,104,0.413,9,31,0.29,13,20,0.65,22,36,58,27,11,5,7,13,108,0.489247311827957,0.4567307692307692,4,-9,-10,11,-5,1.8,2.4545454545454546,-8.0,0
2024-12-15,2024-25,regular_season,ORL,0,100.0,91.0,9.0,1,33,71,0.465,10,24,0.417,24,30,0.8,7,38,45,20,19,8,3,16,100,36,86,0.419,9,30,0.3,10,13,0.769,10,29,39,24,15,8,10,26,91,0.5352112676056338,0.47093023255813954,4,6,-3,-6,17,1.0526315789473684,1.6,9.0,0
2024-12-19,2024-25,regular_season,MIN,0,133.0,107.0,26.0,1,50,97,0.515,20,45,0.444,13,16,0.813,16,41,57,39,15,10,2,12,133,41,89,0.461,17,42,0.405,8,13,0.615,6,31,37,29,13,10,5,15,107,0.6185567010309279,0.5561797752808989,2,20,10,3,3,2.6,2.230769230769231,26.0,0
2024-12-21,2024-25,regular_season,NOP,0,104.0,93.0,11.0,1,38,87,0.437,15,37,0.405,13,15,0.867,15,27,42,24,17,11,3,18,104,34,83,0.41,12,34,0.353,13,19,0.684,16,29,45,23,19,8,5,20,93,0.5229885057471264,0.4819277108433735,-2,-3,-1,3,-4,1.411764705882353,1.2105263157894737,11.0,0
2024-12-23,2024-25,regular_season,TOR,1,139.0,125.0,14.0,1,51,86,0.593,17,37,0.459,20,29,0.69,8,27,35,34,17,9,1,27,139,42,77,0.545,11,28,0.393,30,37,0.811,4,26,30,28,15,6,3,25,125,0.6918604651162791,0.6168831168831169,2,5,4,9,-8,2.0,1.8666666666666667,14.0,0
2024-12-25,2024-25,regular_season,SAS,1,117.0,114.0,3.0,1,45,100,0.45,13,39,0.333,14,16,0.875,17,30,47,26,5,7,3,17,117,42,83,0.506,16,38,0.421,14,17,0.824,8,37,45,33,15,3,6,15,114,0.515,0.6024096385542169,-10,2,9,1,-1,5.2,2.2,3.0,0
2024-12-27,2024-25,regular_season,ORL,0,108.0,85.0,23.0,1,40,75,0.533,4,15,0.267,24,34,0.706,12,32,44,18,18,10,3,20,108,32,87,0.368,10,33,0.303,11,12,0.917,11,22,33,20,17,7,3,23,85,0.56,0.42528735632183906,1,11,1,-18,22,1.0,1.1764705882352942,23.0,0
2024-12-28,2024-25,regular_season,WAS,0,136.0,132.0,4.0,1,51,97,0.526,10,40,0.25,24,26,0.923,10,33,43,26,15,7,3,14,136,51,99,0.515,17,38,0.447,13,15,0.867,11,33,44,32,17,7,4,22,132,0.5773195876288659,0.601010101010101,-2,-1,-1,2,11,1.7333333333333334,1.8823529411764706,4.0,0
2024-12-30,2024-25,regular_season,WAS,0,126.0,106.0,20.0,1,45,98,0.459,15,44,0.341,21,25,0.84,15,39,54,34,8,9,2,19,126,39,92,0.424,12,43,0.279,16,22,0.727,12,34,46,25,13,6,8,23,106,0.5357142857142857,0.4891304347826087,-5,8,3,1,3,4.25,1.9230769230769231,20.0,0
2025-01-01,2024-25,regular_season,UTA,1,119.0,103.0,16.0,1,47,85,0.553,9,23,0.391,16,23,0.696,6,41,47,31,13,10,6,16,119,39,96,0.406,13,43,0.302,12,15,0.8,14,31,45,23,17,7,6,19,103,0.6058823529411764,0.4739583333333333,-4,2,-8,-20,8,2.3846153846153846,1.3529411764705883,16.0,0
2025-01-03,2024-25,regular_season,OKC,0,107.0,117.0,-10.0,0,43,90,0.478,9,32,0.281,12,17,0.706,11,31,42,22,12,7,2,17,107,43,84,0.512,14,27,0.519,17,21,0.81,7,34,41,27,13,9,7,17,117,0.5277777777777778,0.5952380952380952,-1,1,4,5,-4,1.8333333333333333,2.076923076923077,-10.0,0
2025-01-04,2024-25,regular_season,CHI,0,126.0,139.0,-13.0,0,48,97,0.495,8,30,0.267,22,28,0.786,18,31,49,27,13,7,3,13,126,51,94,0.543,20,37,0.541,17,18,0.944,9,34,43,36,13,6,4,21,139,0.5360824742268041,0.648936170212766,0,6,9,-7,10,2.076923076923077,2.769230769230769,-13.0,0
2025-01-06,2024-25,regular_season,ORL,1,94.0,103.0,-9.0,0,36,81,0.444,4,22,0.182,18,22,0.818,11,27,38,16,12,4,3,18,94,39,78,0.5,11,31,0.355,14,18,0.778,9,30,39,23,12,7,5,19,103,0.4691358024691358,0.5705128205128205,0,-1,2,-9,4,1.3333333333333333,1.9166666666666667,-9.0,0
2025-01-08,2024-25,regular_season,TOR,1,112.0,98.0,14.0,1,42,88,0.477,12,33,0.364,16,20,0.8,15,28,43,24,16,9,4,15,112,38,77,0.494,10,26,0.385,12,15,0.8,8,25,33,25,17,9,6,15,98,0.5454545454545454,0.5584415584415584,-1,10,7,7,5,1.5,1.4705882352941178,14.0,0
2025-01-10,2024-25,regular_season,OKC,1,101.0,126.0,-25.0,0,37,96,0.385,4,31,0.129,23,23,1.0,16,27,43,18,12,7,3,15,101,48,89,0.539,14,27,0.519,16,18,0.889,8,38,46,20,15,9,9,23,126,0.40625,0.6179775280898876,-3,-3,8,4,5,1.5,1.3333333333333333,-25.0,0
2025-01-12,2024-25,regular_season,MIL,1,140.0,106.0,34.0,1,51,88,0.58,18,41,0.439,20,24,0.833,10,39,49,29,12,6,4,18,140,43,94,0.457,10,34,0.294,10,17,0.588,15,24,39,22,14,6,3,20,106,0.6818181818181818,0.5106382978723404,-2,10,-5,7,7,2.4166666666666665,1.5714285714285714,34.0,0
2025-01-13,2024-25,regular_season,DET,1,119.0,124.0,-5.0,0,40,80,0.5,15,37,0.405,24,29,0.828,10,32,42,26,18,5,2,21,119,46,92,0.5,15,34,0.441,17,18,0.944,11,28,39,20,13,8,2,21,124,0.59375,0.5815217391304348,5,3,-1,3,11,1.4444444444444444,1.5384615384615385,-5.0,0
2025-01-15,2024-25,regular_season,PHI,0,125.0,119.0,6.0,1,46,86,0.535,16,37,0.432,17,24,0.708,15,30,45,28,16,10,3,14,125,46,92,0.5,13,35,0.371,14,14,1.0,11,24,35,27,12,8,2,19,119,0.627906976744186,0.5706521739130435,4,10,4,2,10,1.75,2.25,6.0,0
2025-01-17,2024-25,regular_season,MIN,1,99.0,116.0,-17.0,0,35,90,0.389,14,34,0.412,15,17,0.882,15,26,41,19,9,10,4,13,99,42,79,0.532,22,40,0.55,10,14,0.714,11,35,46,23,16,5,2,16,116,0.4666666666666667,0.6708860759493671,-7,-5,4,-6,3,2.111111111111111,1.4375,-17.0,0
2025-01-20,2024-25,regular_season,ATL,1,119.0,110.0,9.0,1,47,90,0.522,9,26,0.346,16,21,0.762,12,27,39,31,16,8,1,21,119,40,85,0.471,13,30,0.433,17,22,0.773,16,25,41,23,24,10,6,21,110,0.5722222222222222,0.5470588235294118,-8,-2,-4,-4,-1,1.9375,0.9583333333333334,9.0,0
2025-01-21,2024-25,regular_season,BKN,0,99.0,95.0,4.0,1,40,87,0.46,8,28,0.286,11,14,0.786,9,33,42,29,12,11,3,20,99,32,86,0.372,12,40,0.3,19,25,0.76,14,33,47,21,17,4,9,18,95,0.5057471264367817,0.4418604651162791,-5,-5,-5,-12,-11,2.4166666666666665,1.2352941176470589,4.0,0
2025-01-25,2024-25,regular_season,SAC,1,143.0,120.0,23.0,1,52,105,0.495,17,36,0.472,22,23,0.957,17,36,53,40,11,9,4,13,143,46,95,0.484,14,36,0.389,14,16,0.875,9,29,38,33,12,5,5,19,120,0.5761904761904761,0.5578947368421052,-1,15,8,0,7,3.6363636363636362,2.75,23.0,0
2025-01-27,2024-25,regular_season,MEM,1,143.0,106.0,37.0,1,56,108,0.519,17,44,0.386,14,18,0.778,17,29,46,32,11,20,7,16,143,41,91,0.451,9,24,0.375,15,17,0.882,18,29,47,21,26,5,9,16,106,0.5972222222222222,0.5,-15,-1,-1,20,1,2.909090909090909,0.8076923076923077,37.0,0
2025-01-29,2024-25,regular_season,DEN,1,122.0,112.0,10.0,1,48,93,0.516,14,34,0.412,12,18,0.667,6,29,35,33,6,7,2,16,122,41,84,0.488,10,28,0.357,20,23,0.87,11,36,47,21,14,3,5,19,112,0.5913978494623656,0.5476190476190477,-8,-12,-5,6,-5,5.5,1.5,10.0,0
2025-02-01,2024-25,regular_season,LAL,1,112.0,128.0,-16.0,0,44,95,0.463,10,28,0.357,14,19,0.737,16,28,44,33,14,7,3,16,112,47,81,0.58,19,40,0.475,15,18,0.833,3,34,37,26,15,9,4,22,128,0.5157894736842106,0.6975308641975309,-1,7,13,-12,1,2.357142857142857,1.7333333333333334,-16.0,0
2025-02-03,2024-25,regular_season,HOU,1,124.0,118.0,6.0,1,47,93,0.505,6,26,0.231,24,30,0.8,12,28,40,24,14,9,5,15,124,48,104,0.462,8,28,0.286,14,15,0.933,20,30,50,27,17,8,6,26,118,0.5376344086021505,0.5,-3,-10,-8,-2,15,1.7142857142857142,1.588235294117647,6.0,0
2025-02-04,2024-25,regular_season,TOR,0,121.0,115.0,6.0,1,47,94,0.5,8,25,0.32,19,23,0.826,17,26,43,26,13,10,4,15,121,43,82,0.524,11,29,0.379,18,19,0.947,10,24,34,27,14,7,4,22,115,0.5425531914893617,0.5914634146341463,-1,9,7,-4,4,2.0,1.9285714285714286,6.0,0
2025-02-08,2024-25,regular_season,BOS,1,104.0,131.0,-27.0,0,35,83,0.422,9,24,0.375,25,29,0.862,7,23,30,16,9,9,1,15,104,46,85,0.541,19,39,0.487,20,24,0.833,11,37,48,21,11,6,7,21,131,0.4759036144578313,0.6529411764705882,-2,-18,-4,-15,5,1.7777777777777777,1.9090909090909092,-27.0,0
2025-02-11,2024-25,regular_season,IND,0,128.0,115.0,13.0,1,49,91,0.538,10,27,0.37,20,23,0.87,13,35,48,37,16,6,2,22,128,43,89,0.483,9,31,0.29,20,26,0.769,9,27,36,32,10,8,3,17,115,0.5934065934065934,0.5337078651685393,6,12,4,-4,-3,2.3125,3.2,13.0,0
2025-02-12,2024-25,regular_season,ATL,1,149.0,148.0,1.0,1,54,94,0.574,11,26,0.423,30,37,0.811,8,31,39,28,18,6,5,23,149,55,110,0.5,14,38,0.368,24,35,0.686,19,28,47,43,14,12,10,29,148,0.6329787234042553,0.5636363636363636,4,-8,-11,-12,2,1.5555555555555556,3.0714285714285716,1.0,0
2025-02-20,2024-25,regular_season,CHI,1,113.0,111.0,2.0,1,46,107,0.43,14,46,0.304,7,10,0.7,10,44,54,28,13,10,7,12,113,41,103,0.398,19,48,0.396,10,12,0.833,11,42,53,24,15,6,6,12,111,0.4953271028037383,0.49029126213592233,-2,1,-1,-2,-2,2.1538461538461537,1.6,2.0,0
2025-02-21,2024-25,regular_season,CLE,0,105.0,142.0,-37.0,0,42,89,0.472,10,28,0.357,11,18,0.611,9,23,32,25,17,8,3,12,105,56,92,0.609,19,37,0.514,11,15,0.733,11,36,47,38,15,12,2,15,142,0.5280898876404494,0.7119565217391305,2,-15,-2,-9,3,1.4705882352941178,2.533333333333333,-37.0,0
2025-02-23,2024-25,regular_season,BOS,0,105.0,118.0,-13.0,0,40,92,0.435,14,36,0.389,11,11,1.0,7,33,40,21,11,4,1,15,105,45,91,0.495,17,44,0.386,11,11,1.0,12,37,49,27,12,8,5,14,118,0.5108695652173914,0.5879120879120879,-1,-9,-5,-8,0,1.9090909090909092,2.25,-13.0,0
2025-02-26,2024-25,regular_season,PHI,1,110.0,105.0,5.0,1,40,77,0.519,7,19,0.368,23,29,0.793,7,36,43,22,16,6,8,15,110,39,88,0.443,11,34,0.324,16,20,0.8,9,26,35,21,13,13,6,19,105,0.564935064935065,0.5056818181818182,3,8,-2,-15,9,1.375,1.6153846153846154,5.0,0
2025-02-28,2024-25,regular_season,MEM,0,114.0,113.0,1.0,1,44,95,0.463,13,38,0.342,13,16,0.813,8,27,35,29,9,10,7,16,114,44,94,0.468,4,31,0.129,21,22,0.955,19,39,58,26,19,2,4,17,113,0.531578947368421,0.48936170212765956,-10,-23,-11,7,-6,3.2222222222222223,1.368421052631579,1.0,0
2025-03-02,2024-25,regular_season,MIA,0,116.0,112.0,4.0,1,46,95,0.484,14,44,0.318,10,15,0.667,11,35,46,27,13,5,6,16,116,45,84,0.536,11,35,0.314,11,16,0.688,3,31,34,29,13,5,6,16,112,0.5578947368421052,0.6011904761904762,0,12,8,9,-1,2.076923076923077,2.230769230769231,4.0,0
2025-03-04,2024-25,regular_season,GSW,1,102.0,114.0,-12.0,0,41,92,0.446,8,33,0.242,12,15,0.8,14,28,42,26,14,4,2,17,102,43,88,0.489,13,37,0.351,15,19,0.789,9,35,44,30,13,7,7,14,114,0.4891304347826087,0.5625,1,-2,5,-4,-4,1.8571428571428572,2.3076923076923075,-12.0,0
2025-03-06,2024-25,regular_season,LAL,0,109.0,113.0,-4.0,0,37,94,0.394,10,43,0.233,25,32,0.781,14,32,46,20,16,10,2,21,109,38,89,0.427,14,42,0.333,23,28,0.821,12,37,49,25,17,7,4,28,113,0.44680851063829785,0.5056179775280899,-1,-3,2,1,4,1.25,1.4705882352941178,-4.0,0
2025-03-07,2024-25,regular_season,LAC,0,95.0,105.0,-10.0,0,35,91,0.385,9,34,0.265,16,18,0.889,14,39,53,25,15,6,4,15,95,37,88,0.42,15,38,0.395,16,19,0.842,9,38,47,23,12,7,8,17,105,0.4340659340659341,0.5056818181818182,3,6,5,-4,-1,1.6666666666666667,1.9166666666666667,-10.0,0
2025-03-10,2024-25,regular_season,SAC,0,133.0,104.0,29.0,1,45,84,0.536,22,40,0.55,21,26,0.808,6,34,40,34,16,13,1,24,133,36,86,0.419,10,34,0.294,22,26,0.846,14,23,37,18,18,7,4,20,104,0.6666666666666666,0.47674418604651164,-2,3,-8,6,0,2.125,1.0,29.0,0
2025-03-12,2024-25,regular_season,POR,0,114.0,113.0,1.0,1,44,94,0.468,12,31,0.387,14,20,0.7,11,27,38,27,15,12,7,21,114,40,90,0.444,17,42,0.405,16,25,0.64,21,31,52,20,25,6,6,18,113,0.5319148936170213,0.5388888888888889,-10,-14,-10,-11,-5,1.8,0.8,1.0,0
2025-03-15,2024-25,regular_season,GSW,0,94.0,97.0,-3.0,0,37,86,0.43,9,24,0.375,11,13,0.846,13,36,49,20,13,6,6,16,94,33,83,0.398,13,41,0.317,18,22,0.818,10,35,45,25,11,7,5,13,97,0.48255813953488375,0.4759036144578313,2,4,3,-17,-9,1.5384615384615385,2.272727272727273,-3.0,0
2025-03-17,2024-25,regular_season,MIA,1,116.0,95.0,21.0,1,47,95,0.495,16,34,0.471,6,6,1.0,13,28,41,30,14,12,6,14,116,39,82,0.476,6,23,0.261,11,12,0.917,9,30,39,23,21,9,6,11,95,0.5789473684210527,0.5121951219512195,-7,2,4,11,-6,2.142857142857143,1.0952380952380953,21.0,0
2025-03-19,2024-25,regular_season,SAS,0,105.0,120.0,-15.0,0,39,92,0.424,11,37,0.297,16,21,0.762,17,27,44,28,11,7,7,18,105,45,90,0.5,16,35,0.457,14,20,0.7,15,37,52,28,15,7,7,22,120,0.483695652173913,0.5888888888888889,-4,-8,2,2,1,2.5454545454545454,1.8666666666666667,-15.0,0
2025-03-20,2024-25,regular_season,CHA,0,98.0,115.0,-17.0,0,36,90,0.4,10,39,0.256,16,20,0.8,9,29,38,26,7,9,2,18,98,43,88,0.489,15,32,0.469,14,17,0.824,11,41,52,25,12,1,3,20,115,0.45555555555555555,0.5738636363636364,-5,-14,-2,7,3,3.7142857142857144,2.0833333333333335,-17.0,0
2025-03-22,2024-25,regular_season,WAS,1,122.0,103.0,19.0,1,44,91,0.484,13,35,0.371,21,27,0.778,14,35,49,29,16,13,3,17,122,39,88,0.443,11,36,0.306,14,19,0.737,10,31,41,21,20,9,5,23,103,0.554945054945055,0.5056818181818182,-4,8,4,-1,8,1.8125,1.05,19.0,0
2025-03-25,2024-25,regular_season,DAL,1,128.0,113.0,15.0,1,53,89,0.596,10,26,0.385,12,18,0.667,5,31,36,40,15,9,4,18,128,43,80,0.538,6,19,0.316,21,25,0.84,5,28,33,19,16,9,3,16,113,0.651685393258427,0.575,-1,3,0,7,-7,2.6666666666666665,1.1875,15.0,0
2025-03-26,2024-25,regular_season,LAC,1,113.0,126.0,-13.0,0,42,84,0.5,13,34,0.382,16,22,0.727,7,31,38,35,10,4,1,14,113,45,88,0.511,16,30,0.533,20,24,0.833,13,32,45,27,5,4,8,21,126,0.5773809523809523,0.6022727272727273,5,-7,-6,4,-2,3.5,5.4,-13.0,0
2025-03-28,2024-25,regular_season,MIL,0,116.0,107.0,9.0,1,45,93,0.484,12,33,0.364,14,16,0.875,14,30,44,28,9,12,1,14,116,41,75,0.547,13,33,0.394,12,19,0.632,3,29,32,24,16,2,3,14,107,0.5483870967741935,0.6333333333333333,-7,12,11,0,-3,3.111111111111111,1.5,9.0,0
2025-03-30,2024-25,regular_season,POR,1,110.0,93.0,17.0,1,45,84,0.536,10,25,0.4,10,13,0.769,9,35,44,27,15,10,10,17,110,38,87,0.437,9,36,0.25,8,14,0.571,13,26,39,19,14,9,4,12,93,0.5952380952380952,0.4885057471264368,1,5,-4,-11,-1,1.8,1.3571428571428572,17.0,0
2025-04-01,2024-25,regular_season,PHI,1,105.0,91.0,14.0,1,36,85,0.424,12,31,0.387,21,26,0.808,14,30,44,23,19,10,4,18,105,34,81,0.42,6,31,0.194,17,22,0.773,13,29,42,23,20,11,5,21,91,0.49411764705882355,0.4567901234567901,-1,2,1,0,4,1.2105263157894737,1.15,14.0,0
2025-04-02,2024-25,regular_season,CLE,0,105.0,124.0,-19.0,0,40,90,0.444,11,36,0.306,14,17,0.824,15,24,39,24,16,7,2,19,105,50,94,0.532,12,37,0.324,12,14,0.857,15,29,44,23,13,8,5,18,124,0.5055555555555555,0.5957446808510638,3,-5,0,-1,3,1.5,1.7692307692307692,-19.0,0
2025-04-05,2024-25,regular_season,ATL,0,121.0,105.0,16.0,1,45,84,0.536,15,29,0.517,16,19,0.842,6,32,38,32,14,8,5,13,121,41,88,0.466,14,45,0.311,9,12,0.75,9,29,38,24,15,11,7,18,105,0.625,0.5454545454545454,-1,0,-3,-16,7,2.2857142857142856,1.6,16.0,0
2025-04-06,2024-25,regular_season,PHX,1,112.0,98.0,14.0,1,40,74,0.541,12,28,0.429,20,24,0.833,6,35,41,28,15,6,3,18,112,39,92,0.424,4,34,0.118,16,19,0.842,15,20,35,20,12,11,3,22,98,0.6216216216216216,0.44565217391304346,3,6,-9,-6,5,1.8666666666666667,1.6666666666666667,14.0,0
2025-04-08,2024-25,regular_season,BOS,1,117.0,119.0,-2.0,0,48,101,0.475,11,38,0.289,10,16,0.625,17,35,52,28,11,8,6,21,117,40,87,0.46,19,49,0.388,20,25,0.8,9,29,38,26,15,8,4,17,119,0.5297029702970297,0.5689655172413793,-4,14,8,-11,-9,2.5454545454545454,1.7333333333333334,-2.0,0
2025-04-10,2024-25,regular_season,DET,0,106.0,115.0,-9.0,0,42,90,0.467,11,34,0.324,11,14,0.786,11,23,34,32,17,11,6,19,106,47,82,0.573,8,22,0.364,13,18,0.722,9,26,35,20,15,5,6,23,115,0.5277777777777778,0.6219512195121951,2,-1,2,12,-4,1.8823529411764706,1.3333333333333333,-9.0,0
2025-04-11,2024-25,regular_season,CLE,1,102.0,108.0,-6.0,0,36,88,0.409,16,41,0.39,14,20,0.7,10,25,35,22,11,11,2,18,102,38,77,0.494,11,31,0.355,21,30,0.7,13,36,49,23,15,7,2,17,108,0.5,0.564935064935065,-4,-14,-3,10,-10,2.0,1.5333333333333334,-6.0,0
2025-04-13,2024-25,regular_season,BKN,0,113.0,105.0,8.0,1,37,86,0.43,16,42,0.381,23,26,0.885,10,30,40,27,12,10,3,25,113,38,74,0.514,12,35,0.343,17,25,0.68,6,36,42,21,19,4,2,24,105,0.5232558139534884,0.5945945945945946,-7,-2,4,7,1,2.25,1.105263157894737,8.0,0
2025-04-19,2024-25,playoffs,DET,1,123.0,112.0,11.0,1,49,93,0.527,10,26,0.385,15,17,0.882,8,28,36,26,11,12,9,21,123,41,86,0.477,15,32,0.469,15,20,0.75,11,26,37,23,21,6,9,21,112,0.5806451612903226,0.563953488372093,-10,-1,-3,-6,-3,2.3636363636363638,1.0952380952380953,11.0,1
2025-04-21,2024-25,playoffs,DET,1,94.0,100.0,-6.0,0,34,81,0.42,10,35,0.286,16,19,0.842,7,27,34,15,14,8,1,22,94,33,74,0.446,6,27,0.222,28,34,0.824,12,36,48,11,16,7,4,24,100,0.48148148148148145,0.4864864864864865,-2,-14,-5,8,-15,1.0714285714285714,0.6875,-6.0,1
2025-04-24,2024-25,playoffs,DET,0,118.0,116.0,2.0,1,40,86,0.465,12,32,0.375,26,29,0.897,9,31,40,22,11,11,7,22,118,39,86,0.453,16,37,0.432,22,27,0.815,11,32,43,22,14,6,4,28,116,0.5348837209302325,0.5465116279069767,-3,-3,-2,-5,2,2.0,1.5714285714285714,2.0,1
2025-04-27,2024-25,playoffs,DET,0,94.0,93.0,1.0,1,34,91,0.374,15,33,0.455,11,18,0.611,12,26,38,19,10,11,3,17,94,36,84,0.429,7,29,0.241,14,17,0.824,14,40,54,18,19,6,9,17,93,0.45604395604395603,0.47023809523809523,-9,-16,-2,4,1,1.9,0.9473684210526315,1.0,1
2025-04-29,2024-25,playoffs,DET,1,103.0,106.0,-3.0,0,39,90,0.433,9,25,0.36,16,27,0.593,15,34,49,19,15,5,10,27,103,36,85,0.424,8,29,0.276,26,36,0.722,12,33,45,21,14,9,9,24,106,0.48333333333333334,0.47058823529411764,1,4,3,-4,-9,1.2666666666666666,1.5,-3.0,1
2025-05-01,2024-25,playoffs,DET,0,116.0,113.0,3.0,1,41,86,0.477,10,30,0.333,24,30,0.8,13,30,43,18,17,6,4,22,116,38,81,0.469,9,34,0.265,28,33,0.848,6,30,36,25,15,9,3,23,113,0.5348837209302325,0.5246913580246914,2,7,7,-4,-3,1.0588235294117647,1.6666666666666667,3.0,1
2025-05-05,2024-25,playoffs,BOS,0,108.0,105.0,3.0,1,37,87,0.425,17,37,0.459,17,31,0.548,12,37,49,19,13,10,2,19,108,34,97,0.351,15,60,0.25,22,26,0.846,19,40,59,18,14,4,5,22,105,0.5229885057471264,0.42783505154639173,-1,-10,-7,-23,5,1.4615384615384615,1.2857142857142858,3.0,1
2025-05-07,2024-25,playoffs,BOS,0,91.0,90.0,1.0,1,37,86,0.43,9,31,0.29,8,10,0.8,10,36,46,19,16,11,5,16,91,34,94,0.362,10,40,0.25,12,15,0.8,16,35,51,17,17,9,5,17,90,0.48255813953488375,0.4148936170212766,-1,-5,-6,-9,-5,1.1875,1.0,1.0,1
2025-05-10,2024-25,playoffs,BOS,1,93.0,115.0,-22.0,0,32,80,0.4,5,25,0.2,24,35,0.686,17,26,43,16,11,3,2,16,93,40,83,0.482,20,40,0.5,15,17,0.882,12,30,42,23,12,6,8,26,115,0.43125,0.6024096385542169,-1,1,5,-15,18,1.4545454545454546,1.9166666666666667,-22.0,1
2025-05-12,2024-25,playoffs,BOS,1,121.0,113.0,8.0,1,50,92,0.543,12,34,0.353,9,12,0.75,13,30,43,25,12,5,2,20,121,38,79,0.481,18,48,0.375,19,26,0.731,7,24,31,15,12,8,2,16,113,0.6086956521739131,0.5949367088607594,0,12,6,-14,-14,2.0833333333333335,1.25,8.0,1
2025-05-14,2024-25,playoffs,BOS,0,102.0,127.0,-25.0,0,29,81,0.358,12,30,0.4,32,40,0.8,12,28,40,17,11,5,4,20,102,44,84,0.524,22,49,0.449,17,26,0.654,12,32,44,27,9,3,12,25,127,0.43209876543209874,0.6547619047619048,2,-4,0,-19,14,1.5454545454545454,3.0,-25.0,1
2025-05-16,2024-25,playoffs,BOS,1,119.0,81.0,38.0,1,42,91,0.462,16,45,0.356,19,21,0.905,15,40,55,25,14,7,6,23,119,31,86,0.36,12,40,0.3,7,10,0.7,9,27,36,19,16,4,3,22,81,0.5494505494505495,0.43023255813953487,-2,19,6,5,11,1.7857142857142858,1.1875,38.0,1
2025-05-21,2024-25,playoffs,IND,1,135.0,138.0,-3.0,0,48,94,0.511,11,34,0.324,28,40,0.7,13,33,46,24,15,7,8,23,135,51,100,0.51,15,37,0.405,21,28,0.75,11,28,39,26,7,6,3,24,138,0.5691489361702128,0.585,8,7,2,-3,12,1.6,3.7142857142857144,-3.0,1
2025-05-23,2024-25,playoffs,IND,1,109.0,114.0,-5.0,0,40,84,0.476,11,32,0.344,18,21,0.857,10,28,38,18,13,6,4,19,109,43,83,0.518,13,30,0.433,15,21,0.714,7,25,32,26,10,6,3,23,114,0.5416666666666666,0.5963855421686747,3,6,3,2,0,1.3846153846153846,2.6,-5.0,1
2025-05-25,2024-25,playoffs,IND,0,106.0,100.0,6.0,1,34,78,0.436,11,32,0.344,27,30,0.9,9,28,37,13,15,7,4,25,106,34,77,0.442,5,25,0.2,27,33,0.818,6,32,38,21,14,9,4,27,100,0.5064102564102564,0.474025974025974,1,-1,3,7,-3,0.8666666666666667,1.5,6.0,1
2025-05-27,2024-25,playoffs,IND,0,121.0,130.0,-9.0,0,38,82,0.463,12,28,0.429,33,39,0.846,13,31,44,17,17,7,4,27,121,45,88,0.511,13,32,0.406,27,32,0.844,5,28,33,29,11,11,4,27,130,0.5365853658536586,0.5852272727272727,6,11,8,-4,7,1.0,2.6363636363636362,-9.0,1
2025-05-29,2024-25,playoffs,IND,1,111.0,94.0,17.0,1,44,89,0.494,8,29,0.276,15,22,0.682,11,34,45,22,15,11,3,22,111,30,74,0.405,10,30,0.333,24,29,0.828,8,32,40,20,20,10,7,22,94,0.5393258426966292,0.47297297297297297,-5,5,3,-1,-7,1.4666666666666666,1.0,17.0,1
2025-05-31,2024-25,playoffs,IND,0,108.0,125.0,-17.0,0,41,86,0.477,9,32,0.281,17,26,0.654,13,28,41,23,18,10,6,16,108,46,85,0.541,17,33,0.515,16,19,0.842,6,30,36,30,13,10,9,23,125,0.5290697674418605,0.6411764705882353,5,5,7,-1,7,1.2777777777777777,2.3076923076923075,-17.0,1
2025-10-22,2025-26,regular_season,CLE,1,119.0,111.0,8.0,1,37,86,0.43,14,40,0.35,31,36,0.861,9,39,48,22,14,8,4,23,119,40,86,0.465,19,46,0.413,12,18,0.667,4,28,32,21,15,8,4,25,111,0.5116279069767442,0.5755813953488372,-1,16,5,-6,18,1.5714285714285714,1.4,8.0,0
2025-10-24,2025-26,regular_season,BOS,1,105.0,95.0,10.0,1,33,86,0.384,17,45,0.378,22,25,0.88,21,32,53,23,20,7,4,17,105,35,82,0.427,15,44,0.341,10,15,0.667,8,29,37,19,16,10,7,25,95,0.48255813953488375,0.5182926829268293,4,16,13,1,10,1.15,1.1875,10.0,0
2025-10-26,2025-26,regular_season,MIA,0,107.0,115.0,-8.0,0,38,98,0.388,15,54,0.278,16,21,0.762,16,36,52,23,16,9,3,24,107,38,83,0.458,13,37,0.351,26,31,0.839,9,41,50,25,16,7,1,16,115,0.4642857142857143,0.536144578313253,0,2,7,17,-10,1.4375,1.5625,-8.0,0
2025-10-28,2025-26,regular_season,MIL,0,111.0,121.0,-10.0,0,39,92,0.424,13,40,0.325,20,23,0.87,17,28,45,24,13,9,2,21,111,43,79,0.544,14,34,0.412,21,24,0.875,4,34,38,27,13,7,8,21,121,0.4945652173913043,0.6329113924050633,0,7,13,6,-1,1.8461538461538463,2.076923076923077,-10.0,0
2025-10-31,2025-26,regular_season,CHI,0,125.0,135.0,-10.0,0,45,91,0.495,18,45,0.4,17,23,0.739,12,27,39,27,12,3,5,25,125,45,84,0.536,17,37,0.459,28,35,0.8,6,35,41,31,9,8,6,22,135,0.5934065934065934,0.6369047619047619,3,-2,6,8,-12,2.25,3.4444444444444446,-10.0,0
2025-11-02,2025-26,regular_season,CHI,1,128.0,116.0,12.0,1,43,95,0.453,20,42,0.476,22,22,1.0,14,33,47,31,11,7,5,12,128,45,93,0.484,17,40,0.425,9,11,0.818,12,34,46,28,14,7,3,20,116,0.5578947368421052,0.5752688172043011,-3,1,2,2,11,2.8181818181818183,2.0,12.0,0
2025-11-03,2025-26,regular_season,WAS,1,119.0,102.0,17.0,1,44,94,0.468,15,41,0.366,16,20,0.8,12,37,49,32,12,12,4,16,119,38,81,0.469,13,35,0.371,13,19,0.684,7,37,44,30,20,7,5,21,102,0.5478723404255319,0.5493827160493827,-8,5,5,6,1,2.6666666666666665,1.5,17.0,0
2025-11-05,2025-26,regular_season,MIN,1,137.0,114.0,23.0,1,55,102,0.539,19,42,0.452,8,9,0.889,21,29,50,32,14,7,8,21,137,40,83,0.482,19,40,0.475,15,17,0.882,9,22,31,30,17,6,2,14,114,0.6323529411764706,0.5963855421686747,-3,19,12,2,-8,2.2857142857142856,1.7647058823529411,23.0,0
2025-11-09,2025-26,regular_season,BKN,1,134.0,98.0,36.0,1,48,89,0.539,17,37,0.459,21,26,0.808,15,31,46,31,14,9,3,25,134,33,82,0.402,14,45,0.311,18,24,0.75,15,23,38,21,19,5,8,25,98,0.6348314606741573,0.4878048780487805,-5,8,0,-8,2,2.2142857142857144,1.105263157894737,36.0,0
2025-11-11,2025-26,regular_season,MEM,1,133.0,120.0,13.0,1,47,98,0.48,22,55,0.4,17,20,0.85,10,34,44,35,15,12,2,21,133,43,84,0.512,14,38,0.368,20,24,0.833,5,39,44,36,22,7,3,20,120,0.5918367346938775,0.5952380952380952,-7,0,5,17,-4,2.3333333333333335,1.6363636363636365,13.0,0
2025-11-12,2025-26,regular_season,ORL,1,107.0,124.0,-17.0,0,39,88,0.443,11,36,0.306,18,23,0.783,10,27,37,20,14,10,3,25,107,42,86,0.488,12,33,0.364,28,33,0.848,12,37,49,29,15,10,4,23,124,0.5056818181818182,0.5581395348837209,-1,-12,-2,3,-10,1.4285714285714286,1.9333333333333333,-17.0,0
2025-11-14,2025-26,regular_season,MIA,1,140.0,132.0,8.0,1,48,104,0.462,21,53,0.396,23,29,0.793,20,31,51,32,8,9,2,23,140,44,95,0.463,19,44,0.432,25,34,0.735,15,31,46,30,11,4,5,23,132,0.5625,0.5631578947368421,-3,5,5,9,-5,4.0,2.727272727272727,8.0,0
2025-11-17,2025-26,regular_season,MIA,0,113.0,115.0,-2.0,0,43,94,0.457,9,36,0.25,18,24,0.75,11,37,48,23,17,7,7,18,113,45,101,0.446,14,35,0.4,11,13,0.846,7,33,40,29,14,5,5,21,115,0.5053191489361702,0.5148514851485149,3,8,4,1,11,1.3529411764705883,2.0714285714285716,-2.0,0
2025-11-19,2025-26,regular_season,DAL,0,113.0,111.0,2.0,1,41,93,0.441,12,42,0.286,19,35,0.543,16,33,49,27,9,8,10,22,113,35,85,0.412,16,44,0.364,25,30,0.833,10,40,50,23,18,6,5,26,111,0.5053763440860215,0.5058823529411764,-9,-1,6,-2,5,3.0,1.2777777777777777,2.0,0
2025-11-22,2025-26,regular_season,ORL,0,121.0,133.0,-12.0,0,43,79,0.544,13,37,0.351,22,28,0.786,9,27,36,28,17,5,4,28,121,47,85,0.553,13,33,0.394,26,30,0.867,11,25,36,28,14,5,2,26,133,0.6265822784810127,0.6294117647058823,3,0,-2,4,-2,1.6470588235294117,2.0,-12.0,0
2025-11-24,2025-26,regular_season,BKN,0,113.0,100.0,13.0,1,45,88,0.511,12,35,0.343,11,14,0.786,9,34,43,28,8,6,6,21,113,33,87,0.379,14,48,0.292,20,28,0.714,13,31,44,19,10,5,1,14,100,0.5795454545454546,0.45977011494252873,-2,-1,-4,-13,-14,3.5,1.9,13.0,0
2025-11-26,2025-26,regular_season,CHA,0,129.0,101.0,28.0,1,50,88,0.568,13,25,0.52,16,18,0.889,8,33,41,26,15,12,4,22,129,35,85,0.412,13,43,0.302,18,24,0.75,9,26,35,15,17,5,3,16,101,0.6420454545454546,0.48823529411764705,-2,6,-1,-18,-6,1.7333333333333334,0.8823529411764706,28.0,0
2025-11-28,2025-26,regular_season,MIL,1,118.0,109.0,9.0,1,38,84,0.452,14,34,0.412,28,33,0.848,14,30,44,25,13,10,2,21,118,37,71,0.521,18,41,0.439,17,25,0.68,5,30,35,24,15,9,4,26,109,0.5357142857142857,0.647887323943662,-2,9,9,-7,8,1.9230769230769231,1.6,9.0,0
2025-11-30,2025-26,regular_season,TOR,1,116.0,94.0,22.0,1,44,96,0.458,16,45,0.356,12,16,0.75,25,36,61,27,18,9,3,15,116,37,88,0.42,11,37,0.297,9,17,0.529,14,26,40,27,18,9,6,15,94,0.5416666666666666,0.48295454545454547,0,21,11,8,-1,1.5,1.5,22.0,0
2025-12-02,2025-26,regular_season,BOS,0,117.0,123.0,-6.0,0,43,85,0.506,19,44,0.432,12,17,0.706,10,23,33,29,12,5,2,15,117,49,87,0.563,13,40,0.325,12,14,0.857,11,27,38,18,10,6,3,20,123,0.6176470588235294,0.6379310344827587,2,-5,-1,4,3,2.4166666666666665,1.8,-6.0,0
2025-12-03,2025-26,regular_season,CHA,1,119.0,104.0,15.0,1,42,88,0.477,12,38,0.316,23,27,0.852,13,31,44,28,9,9,6,19,119,36,90,0.4,13,42,0.31,19,21,0.905,12,32,44,19,13,4,7,18,104,0.5454545454545454,0.4722222222222222,-4,0,1,-4,6,3.111111111111111,1.4615384615384615,15.0,0
2025-12-05,2025-26,regular_season,UTA,1,146.0,112.0,34.0,1,51,91,0.56,21,42,0.5,23,26,0.885,10,36,46,30,13,9,2,22,146,35,87,0.402,15,42,0.357,27,35,0.771,10,27,37,23,12,8,1,18,112,0.6758241758241759,0.4885057471264368,1,9,0,0,-9,2.3076923076923075,1.9166666666666667,34.0,0
2025-12-07,2025-26,regular_season,ORL,1,106.0,100.0,6.0,1,39,91,0.429,11,35,0.314,17,20,0.85,15,37,52,24,11,8,7,21,106,36,94,0.383,12,42,0.286,16,24,0.667,17,31,48,23,12,7,4,16,100,0.489010989010989,0.44680851063829785,-1,4,-2,-7,-4,2.1818181818181817,1.9166666666666667,6.0,0
2025-12-09,2025-26,regular_season,TOR,0,117.0,101.0,16.0,1,42,80,0.525,16,35,0.457,17,28,0.607,14,34,48,19,14,9,7,19,117,39,90,0.433,11,38,0.289,12,18,0.667,12,25,37,28,14,9,4,22,101,0.625,0.49444444444444446,0,11,2,-3,10,1.3571428571428572,2.0,16.0,0
2025-12-13,2025-26,regular_season,ORL,0,132.0,120.0,12.0,1,51,84,0.607,7,20,0.35,23,31,0.742,8,33,41,28,12,9,7,23,132,45,97,0.464,13,42,0.31,17,25,0.68,12,29,41,28,14,9,3,24,120,0.6488095238095238,0.5309278350515464,-2,0,-4,-22,6,2.3333333333333335,2.0,12.0,0
2025-12-18,2025-26,regular_season,IND,0,114.0,113.0,1.0,1,43,92,0.467,17,43,0.395,11,19,0.579,14,32,46,31,16,10,5,19,114,43,93,0.462,11,34,0.324,16,18,0.889,16,36,52,22,14,8,6,20,113,0.5597826086956522,0.521505376344086,2,-6,-2,9,1,1.9375,1.5714285714285714,1.0,0
2025-12-19,2025-26,regular_season,PHI,1,107.0,116.0,-9.0,0,39,88,0.443,8,32,0.25,21,25,0.84,21,36,57,26,18,3,3,21,107,40,88,0.455,17,41,0.415,19,21,0.905,10,26,36,21,11,7,8,24,116,0.48863636363636365,0.5511363636363636,7,21,11,-9,4,1.4444444444444444,1.9090909090909092,-9.0,0
2025-12-21,2025-26,regular_season,MIA,1,132.0,125.0,7.0,1,47,85,0.553,20,38,0.526,18,21,0.857,4,32,36,28,13,7,3,25,132,41,87,0.471,17,35,0.486,26,35,0.743,12,33,45,26,11,5,1,14,125,0.6705882352941176,0.5689655172413793,2,-9,-8,3,-14,2.1538461538461537,2.3636363636363638,7.0,0
2025-12-23,2025-26,regular_season,MIN,0,104.0,115.0,-11.0,0,41,99,0.414,11,30,0.367,11,15,0.733,18,37,55,20,19,8,2,21,104,42,93,0.452,15,46,0.326,16,23,0.696,10,32,42,25,11,12,9,15,115,0.4696969696969697,0.532258064516129,8,13,8,-16,-8,1.0526315789473684,2.272727272727273,-11.0,0
2025-12-25,2025-26,regular_season,CLE,1,126.0,124.0,2.0,1,44,94,0.468,21,44,0.477,17,22,0.773,12,31,43,28,13,9,4,17,126,45,86,0.523,15,34,0.441,19,23,0.826,9,36,45,30,14,7,0,22,124,0.5797872340425532,0.6104651162790697,-1,-2,3,10,-1,2.1538461538461537,2.142857142857143,2.0,0
2025-12-27,2025-26,regular_season,ATL,0,128.0,125.0,3.0,1,43,95,0.453,15,43,0.349,27,32,0.844,19,36,55,27,14,9,4,25,128,43,89,0.483,17,43,0.395,22,27,0.815,9,28,37,33,12,6,3,20,125,0.531578947368421,0.5786516853932584,2,18,10,0,5,1.9285714285714286,2.75,3.0,0
2025-12-29,2025-26,regular_season,NOP,0,130.0,125.0,5.0,1,46,95,0.484,20,44,0.455,18,19,0.947,10,32,42,35,9,8,4,19,130,44,96,0.458,14,36,0.389,23,27,0.852,16,34,50,27,12,6,8,15,125,0.5894736842105263,0.53125,-3,-8,-6,8,-8,3.888888888888889,2.25,5.0,0
2025-12-31,2025-26,regular_season,SAS,0,132.0,134.0,-2.0,0,46,96,0.479,22,52,0.423,18,20,0.9,10,30,40,32,10,7,2,30,132,44,89,0.494,14,38,0.368,32,40,0.8,11,37,48,25,11,7,3,17,134,0.59375,0.5730337078651685,-1,-8,-1,14,-20,3.2,2.272727272727273,-2.0,0
2026-01-02,2025-26,regular_season,ATL,1,99.0,111.0,-12.0,0,36,97,0.371,9,42,0.214,18,21,0.857,14,38,52,27,15,8,6,17,99,42,88,0.477,12,36,0.333,15,25,0.6,9,40,49,31,13,12,2,21,111,0.4175257731958763,0.5454545454545454,2,3,5,6,-4,1.8,2.3846153846153846,-12.0,0
2026-01-03,2025-26,regular_season,PHI,1,119.0,130.0,-11.0,0,38,89,0.427,16,40,0.4,27,32,0.844,14,30,44,23,16,9,2,18,119,49,90,0.544,17,36,0.472,15,23,0.652,9,38,47,25,14,7,10,23,130,0.5168539325842697,0.6388888888888888,2,-3,5,4,9,1.4375,1.7857142857142858,-11.0,0
2026-01-05,2025-26,regular_season,DET,0,90.0,121.0,-31.0,0,32,76,0.421,13,30,0.433,13,14,0.929,5,25,30,15,20,7,3,17,90,47,86,0.547,16,31,0.516,11,16,0.688,14,30,44,25,16,12,11,15,121,0.506578947368421,0.6395348837209303,4,-14,-9,-1,-2,0.75,1.5625,-31.0,0
2026-01-07,2025-26,regular_season,LAC,1,123.0,111.0,12.0,1,47,94,0.5,14,33,0.424,15,17,0.882,16,32,48,31,12,5,6,17,123,40,92,0.435,15,42,0.357,16,19,0.842,15,25,40,21,10,7,5,16,111,0.574468085106383,0.5163043478260869,2,8,1,-9,-2,2.5833333333333335,2.1,12.0,0
2026-01-09,2025-26,regular_season,PHX,0,107.0,112.0,-5.0,0,37,82,0.451,16,41,0.39,17,21,0.81,16,34,50,22,18,3,1,23,107,38,85,0.447,16,42,0.381,20,23,0.87,9,28,37,23,10,4,4,21,112,0.5487804878048781,0.5411764705882353,8,13,7,-1,-2,1.2222222222222223,2.3,-5.0,0
2026-01-11,2025-26,regular_season,POR,0,123.0,114.0,9.0,1,50,99,0.505,17,46,0.37,6,8,0.75,13,32,45,32,12,11,7,18,123,40,84,0.476,12,39,0.308,22,25,0.88,7,32,39,24,15,9,6,8,114,0.5909090909090909,0.5476190476190477,-3,6,6,7,-17,2.6666666666666665,1.6,9.0,0
2026-01-14,2025-26,regular_season,SAC,0,101.0,112.0,-11.0,0,39,100,0.39,8,41,0.195,15,23,0.652,16,29,45,23,9,11,6,24,101,35,74,0.473,10,27,0.37,32,38,0.842,9,39,48,23,17,4,6,21,112,0.43,0.5405405405405406,-8,-3,7,14,-15,2.5555555555555554,1.3529411764705883,-11.0,0
2026-01-15,2025-26,regular_season,GSW,0,113.0,126.0,-13.0,0,42,91,0.462,14,38,0.368,15,19,0.789,14,27,41,28,12,3,2,14,113,48,89,0.539,20,45,0.444,10,13,0.769,10,28,38,26,12,7,6,16,126,0.5384615384615384,0.651685393258427,0,3,4,-7,6,2.3333333333333335,2.1666666666666665,-13.0,0
2026-01-17,2025-26,regular_season,PHX,1,99.0,106.0,-7.0,0,33,82,0.402,14,44,0.318,19,25,0.76,15,32,47,20,17,9,5,19,99,34,82,0.415,15,42,0.357,23,27,0.852,13,24,37,22,12,9,2,20,106,0.4878048780487805,0.5060975609756098,5,10,2,2,-2,1.1764705882352942,1.8333333333333333,-7.0,0
2026-01-19,2025-26,regular_season,DAL,1,97.0,114.0,-17.0,0,38,95,0.4,9,31,0.29,12,20,0.6,17,36,53,22,17,10,5,25,97,40,82,0.488,15,32,0.469,19,28,0.679,7,42,49,25,17,9,5,21,114,0.4473684210526316,0.5792682926829268,0,4,10,-1,-8,1.2941176470588236,1.4705882352941178,-17.0,0
2026-01-21,2025-26,regular_season,BKN,1,120.0,66.0,54.0,1,46,80,0.575,16,32,0.5,12,17,0.706,8,48,56,28,12,10,6,18,120,23,79,0.291,11,40,0.275,9,13,0.692,4,23,27,15,14,5,4,16,66,0.675,0.36075949367088606,-2,29,4,-8,4,2.3333333333333335,1.0714285714285714,54.0,0
2026-01-24,2025-26,regular_season,PHI,0,112.0,109.0,3.0,1,41,93,0.441,15,44,0.341,15,27,0.556,19,34,53,27,11,6,5,22,112,39,77,0.506,9,29,0.31,22,29,0.759,6,31,37,24,14,7,4,21,109,0.521505376344086,0.564935064935065,-3,16,13,15,-2,2.4545454545454546,1.7142857142857142,3.0,0
2026-01-27,2025-26,regular_season,SAC,1,103.0,87.0,16.0,1,37,78,0.474,13,32,0.406,16,18,0.889,12,32,44,24,21,11,1,16,103,35,87,0.402,5,30,0.167,12,14,0.857,14,30,44,18,17,8,3,16,87,0.5576923076923077,0.43103448275862066,4,0,-2,2,4,1.1428571428571428,1.0588235294117647,16.0,0
2026-01-28,2025-26,regular_season,TOR,0,119.0,92.0,27.0,1,45,90,0.5,14,38,0.368,15,18,0.833,13,35,48,32,18,12,5,21,119,30,79,0.38,7,26,0.269,25,29,0.862,12,31,43,20,20,9,8,19,92,0.5777777777777777,0.4240506329113924,-2,5,1,12,-11,1.7777777777777777,1.0,27.0,0
2026-01-30,2025-26,regular_season,POR,1,127.0,97.0,30.0,1,48,99,0.485,19,45,0.422,12,14,0.857,16,36,52,29,14,9,3,21,127,35,81,0.432,13,43,0.302,14,19,0.737,8,29,37,23,20,5,5,13,97,0.5808080808080808,0.5123456790123457,-6,15,8,2,-5,2.0714285714285716,1.15,30.0,0
2026-02-01,2025-26,regular_season,LAL,1,112.0,100.0,12.0,1,43,91,0.473,18,42,0.429,8,11,0.727,14,32,46,30,10,7,2,15,112,38,84,0.452,12,42,0.286,12,19,0.632,7,29,36,21,11,5,3,14,100,0.5714285714285714,0.5238095238095238,-1,10,7,0,-8,3.0,1.9090909090909092,12.0,0
2026-02-03,2025-26,regular_season,WAS,0,132.0,101.0,31.0,1,47,90,0.522,17,37,0.459,21,27,0.778,9,41,50,34,9,6,5,22,132,35,86,0.407,11,31,0.355,20,32,0.625,10,32,42,19,13,6,3,22,101,0.6166666666666667,0.47093023255813954,-4,8,-1,6,-5,3.7777777777777777,1.4615384615384615,31.0,0
2026-02-04,2025-26,regular_season,DEN,1,134.0,127.0,7.0,1,50,100,0.5,18,50,0.36,16,19,0.842,9,36,45,28,12,4,2,23,134,46,105,0.438,13,50,0.26,22,27,0.815,15,36,51,29,16,8,3,21,127,0.59,0.5,-4,-6,-6,0,-8,2.3333333333333335,1.8125,7.0,0
2026-02-06,2025-26,regular_season,DET,0,80.0,118.0,-38.0,0,29,82,0.354,8,33,0.242,14,17,0.824,10,25,35,22,15,6,1,15,80,44,83,0.53,17,40,0.425,13,15,0.867,8,36,44,31,13,10,6,21,118,0.4024390243902439,0.6325301204819277,2,-9,2,-7,2,1.4666666666666666,2.3846153846153846,-38.0,0
2026-02-08,2025-26,regular_season,BOS,0,111.0,89.0,22.0,1,40,83,0.482,14,35,0.4,17,24,0.708,7,39,46,23,8,5,3,17,111,34,92,0.37,7,41,0.171,14,15,0.933,14,30,44,22,10,4,3,21,89,0.5662650602409639,0.4076086956521739,-2,2,-7,-6,9,2.875,2.2,22.0,0
2026-02-10,2025-26,regular_season,IND,1,134.0,137.0,-3.0,0,50,100,0.5,14,46,0.304,20,27,0.741,8,38,46,33,12,4,4,30,134,50,97,0.515,18,45,0.4,19,26,0.731,6,37,43,30,11,6,4,23,137,0.57,0.6082474226804123,1,3,2,1,1,2.75,2.727272727272727,-3.0,0
2026-02-11,2025-26,regular_season,PHI,0,138.0,89.0,49.0,1,48,91,0.527,20,44,0.455,22,27,0.815,12,39,51,41,15,13,6,16,138,33,88,0.375,6,32,0.188,17,21,0.81,12,26,38,16,18,9,6,18,89,0.6373626373626373,0.4090909090909091,-3,13,0,12,6,2.7333333333333334,0.8888888888888888,49.0,0
2026-02-19,2025-26,regular_season,DET,1,111.0,126.0,-15.0,0,41,87,0.471,8,35,0.229,21,28,0.75,11,27,38,24,12,9,7,22,111,48,93,0.516,13,30,0.433,17,20,0.85,11,33,44,30,15,9,8,20,126,0.5172413793103449,0.5860215053763441,-3,-6,0,5,8,2.0,2.0,-15.0,0
2026-02-21,2025-26,regular_season,HOU,1,108.0,106.0,2.0,1,42,85,0.494,10,26,0.385,14,16,0.875,8,21,29,26,12,11,0,19,108,38,80,0.475,12,31,0.387,18,23,0.783,13,31,44,24,20,5,6,20,106,0.5529411764705883,0.55,-8,-15,-5,-5,-7,2.1666666666666665,1.2,2.0,0
2026-02-22,2025-26,regular_season,CHI,0,105.0,99.0,6.0,1,38,84,0.452,15,42,0.357,14,21,0.667,10,40,50,27,13,9,4,17,105,34,86,0.395,16,46,0.348,15,21,0.714,13,37,50,24,17,8,2,17,99,0.5416666666666666,0.4883720930232558,-4,0,-3,-4,0,2.076923076923077,1.411764705882353,6.0,0
2026-02-24,2025-26,regular_season,CLE,0,94.0,109.0,-15.0,0,35,86,0.407,10,37,0.27,14,21,0.667,11,33,44,23,17,7,8,22,94,37,87,0.425,13,35,0.371,22,30,0.733,13,32,45,23,11,11,6,18,109,0.46511627906976744,0.5,6,-1,-2,2,-9,1.3529411764705883,2.090909090909091,-15.0,0
2026-02-27,2025-26,regular_season,MIL,0,127.0,98.0,29.0,1,46,88,0.523,21,42,0.5,14,16,0.875,7,37,44,33,11,7,6,20,127,33,77,0.429,16,42,0.381,16,22,0.727,4,30,34,24,16,5,3,16,98,0.6420454545454546,0.5324675324675324,-5,10,3,0,-6,3.0,1.5,29.0,0
2026-03-01,2025-26,regular_season,SAS,1,114.0,89.0,25.0,1,43,97,0.443,17,48,0.354,11,19,0.579,18,36,54,27,14,13,3,19,114,32,77,0.416,9,34,0.265,16,22,0.727,10,31,41,25,22,7,5,21,89,0.5309278350515464,0.474025974025974,-8,13,8,14,-3,1.9285714285714286,1.1363636363636365,25.0,0
2026-03-03,2025-26,regular_season,TOR,0,111.0,95.0,16.0,1,46,81,0.568,10,29,0.345,9,12,0.75,6,37,43,32,18,10,4,17,111,35,77,0.455,8,28,0.286,17,19,0.895,5,23,28,24,15,8,3,15,95,0.6296296296296297,0.5064935064935064,3,15,1,1,-7,1.7777777777777777,1.6,16.0,0
2026-03-04,2025-26,regular_season,OKC,1,100.0,103.0,-3.0,0,37,88,0.42,10,35,0.286,16,22,0.727,12,36,48,23,14,5,3,24,100,33,73,0.452,16,42,0.381,21,25,0.84,3,35,38,21,16,8,0,22,103,0.4772727272727273,0.5616438356164384,-2,10,9,-7,-3,1.6428571428571428,1.3125,-3.0,0
2026-03-06,2025-26,regular_season,DEN,0,142.0,103.0,39.0,1,55,95,0.579,16,34,0.471,16,21,0.762,14,36,50,44,11,11,4,24,142,37,83,0.446,8,40,0.2,21,30,0.7,8,23,31,30,15,6,1,19,103,0.6631578947368421,0.4939759036144578,-4,19,6,-6,-9,4.0,2.0,39.0,0
2026-03-08,2025-26,regular_season,LAL,0,97.0,110.0,-13.0,0,35,82,0.427,8,34,0.235,19,21,0.905,10,37,47,23,19,7,2,23,97,35,81,0.432,15,44,0.341,25,30,0.833,12,30,42,20,14,10,5,20,110,0.47560975609756095,0.5246913580246914,5,5,-2,-10,-9,1.2105263157894737,1.4285714285714286,-13.0,0
2026-03-09,2025-26,regular_season,LAC,0,118.0,126.0,-8.0,0,46,90,0.511,14,40,0.35,12,16,0.75,14,37,51,32,20,5,1,23,118,43,93,0.462,18,39,0.462,22,26,0.846,9,27,36,25,8,12,4,19,126,0.5888888888888889,0.5591397849462365,12,15,5,1,-10,1.6,3.125,-8.0,0
2026-03-11,2025-26,regular_season,UTA,0,134.0,117.0,17.0,1,48,92,0.522,17,40,0.425,21,22,0.955,15,30,45,37,12,10,3,16,134,42,87,0.483,18,36,0.5,15,19,0.789,14,24,38,30,15,7,4,20,117,0.6141304347826086,0.5862068965517241,-3,7,1,4,3,3.0833333333333335,2.0,17.0,0
2026-03-13,2025-26,regular_season,IND,0,101.0,92.0,9.0,1,37,88,0.42,8,28,0.286,19,25,0.76,11,42,53,20,12,4,4,22,101,35,89,0.393,10,38,0.263,12,15,0.8,7,39,46,21,11,6,3,21,92,0.4659090909090909,0.449438202247191,1,7,4,-10,10,1.6666666666666667,1.9090909090909092,9.0,0
2026-03-15,2025-26,regular_season,GSW,1,110.0,107.0,3.0,1,39,84,0.464,10,32,0.313,22,23,0.957,16,28,44,23,15,9,6,15,110,40,82,0.488,14,38,0.368,13,15,0.867,11,24,35,27,18,9,6,20,107,0.5238095238095238,0.573170731707317,-3,9,5,-6,8,1.5333333333333334,1.5,3.0,0
2026-03-17,2025-26,regular_season,IND,1,136.0,110.0,26.0,1,54,100,0.54,18,41,0.439,10,13,0.769,19,30,49,38,9,13,3,12,136,44,85,0.518,17,38,0.447,5,7,0.714,8,28,36,31,18,7,7,15,110,0.63,0.6176470588235294,-9,13,11,3,6,4.222222222222222,1.7222222222222223,26.0,0
2026-03-20,2025-26,regular_season,BKN,0,93.0,92.0,1.0,1,31,76,0.408,8,29,0.276,23,32,0.719,13,39,52,22,22,10,5,15,93,34,86,0.395,14,38,0.368,10,10,1.0,8,32,40,28,15,8,6,28,92,0.4605263157894737,0.47674418604651164,7,12,5,-9,22,1.0,1.8666666666666667,1.0,0
2026-03-22,2025-26,regular_season,WAS,1,145.0,113.0,32.0,1,55,94,0.585,17,32,0.531,18,19,0.947,13,35,48,32,14,6,2,12,145,43,89,0.483,18,47,0.383,9,13,0.692,8,20,28,25,15,12,4,20,113,0.675531914893617,0.5842696629213483,-1,20,5,-15,6,2.2857142857142856,1.6666666666666667,32.0,0
2026-03-24,2025-26,regular_season,NOP,1,121.0,116.0,5.0,1,44,85,0.518,13,33,0.394,20,22,0.909,9,32,41,29,11,5,4,18,121,45,88,0.511,15,34,0.441,11,13,0.846,6,28,34,33,7,5,3,19,116,0.5941176470588235,0.5965909090909091,4,7,3,-1,9,2.6363636363636362,4.714285714285714,5.0,0
2026-03-26,2025-26,regular_season,CHA,0,103.0,114.0,-11.0,0,42,82,0.512,11,29,0.379,8,9,0.889,5,19,24,26,10,8,2,21,103,41,78,0.526,16,41,0.39,16,20,0.8,12,31,43,28,18,5,4,19,114,0.5792682926829268,0.6282051282051282,-8,-19,-7,-12,-11,2.6,1.5555555555555556,-11.0,0
2026-03-29,2025-26,regular_season,OKC,0,100.0,111.0,-11.0,0,36,82,0.439,15,35,0.429,13,17,0.765,15,26,41,19,19,8,3,25,100,35,75,0.467,10,28,0.357,31,38,0.816,12,27,39,21,15,10,0,22,111,0.5304878048780488,0.5333333333333333,4,2,3,7,-21,1.0,1.4,-11.0,0
2026-03-31,2025-26,regular_season,HOU,0,94.0,111.0,-17.0,0,36,85,0.424,10,34,0.294,12,16,0.75,12,29,41,22,11,5,2,16,94,42,78,0.538,15,35,0.429,12,16,0.75,6,32,38,35,10,6,6,17,111,0.4823529411764706,0.6346153846153846,1,3,6,-1,0,2.0,3.5,-17.0,0
2026-04-01,2025-26,regular_season,MEM,0,130.0,119.0,11.0,1,48,87,0.552,13,32,0.406,21,24,0.875,20,29,49,36,19,7,6,19,130,39,76,0.513,16,36,0.444,25,30,0.833,6,14,20,27,14,10,4,22,119,0.6264367816091954,0.618421052631579,5,29,14,-4,-6,1.894736842105263,1.9285714285714286,11.0,0
2026-04-03,2025-26,regular_season,CHI,1,136.0,96.0,40.0,1,48,91,0.527,15,39,0.385,25,28,0.893,13,41,54,30,9,11,3,21,136,35,81,0.432,11,35,0.314,15,26,0.577,9,27,36,24,16,4,2,23,96,0.6098901098901099,0.5,-7,18,4,4,2,3.3333333333333335,1.5,40.0,0
2026-04-06,2025-26,regular_season,ATL,0,108.0,105.0,3.0,1,42,84,0.5,11,33,0.333,13,17,0.765,12,35,47,29,17,9,7,14,108,38,95,0.4,16,42,0.381,13,17,0.765,19,29,48,23,15,7,4,18,105,0.5654761904761905,0.4842105263157895,2,-1,-7,-9,0,1.7058823529411764,1.5333333333333334,3.0,0
2026-04-09,2025-26,regular_season,BOS,1,112.0,106.0,6.0,1,43,80,0.538,15,35,0.429,11,15,0.733,5,25,30,29,7,9,2,17,112,38,84,0.452,16,43,0.372,14,16,0.875,13,29,42,23,11,4,1,16,106,0.63125,0.5476190476190477,-4,-12,-8,-8,-1,4.142857142857143,2.090909090909091,6.0,0
2026-04-10,2025-26,regular_season,TOR,1,112.0,95.0,17.0,1,41,75,0.547,8,31,0.258,22,27,0.815,5,32,37,24,12,10,0,16,112,36,73,0.493,10,25,0.4,13,20,0.65,7,25,32,24,18,7,0,24,95,0.6,0.5616438356164384,-6,5,-2,6,7,2.0,1.3333333333333333,17.0,0
2026-04-12,2025-26,regular_season,CHA,1,96.0,110.0,-14.0,0,39,90,0.433,13,40,0.325,5,8,0.625,12,27,39,25,11,10,3,25,96,39,85,0.459,19,52,0.365,13,17,0.765,12,34,46,27,18,7,7,13,110,0.5055555555555555,0.5705882352941176,-7,-7,0,-12,-9,2.272727272727273,1.5,-14.0,0
2026-04-18,2025-26,playoffs,ATL,1,113.0,102.0,11.0,1,38,80,0.475,12,25,0.48,25,30,0.833,6,39,45,22,11,7,5,24,113,38,87,0.437,14,37,0.378,12,19,0.632,8,32,40,25,12,5,3,21,102,0.55,0.5172413793103449,-1,5,-2,-12,11,2.0,2.0833333333333335,11.0,1
2026-04-20,2025-26,playoffs,ATL,1,106.0,107.0,-1.0,0,39,87,0.448,11,34,0.324,17,27,0.63,14,33,47,22,14,5,4,21,106,40,81,0.494,9,30,0.3,18,23,0.783,6,30,36,22,12,9,7,26,107,0.5114942528735632,0.5493827160493827,2,11,8,4,4,1.5714285714285714,1.8333333333333333,-1.0,1
2026-04-23,2025-26,playoffs,ATL,0,108.0,109.0,-1.0,0,40,93,0.43,10,35,0.286,18,20,0.9,14,32,46,19,18,10,5,17,108,39,86,0.453,13,33,0.394,18,26,0.692,13,32,45,19,16,10,8,17,109,0.4838709677419355,0.5290697674418605,2,1,1,2,-6,1.0555555555555556,1.1875,-1.0,1
2026-04-25,2025-26,playoffs,ATL,0,114.0,98.0,16.0,1,41,83,0.494,14,31,0.452,18,23,0.783,12,31,43,23,15,9,3,23,114,34,83,0.41,10,41,0.244,20,25,0.8,12,26,38,20,19,8,5,21,98,0.5783132530120482,0.46987951807228917,-4,5,0,-10,-2,1.5333333333333334,1.0526315789473684,16.0,1
2026-04-28,2025-26,playoffs,ATL,1,126.0,97.0,29.0,1,45,79,0.57,11,26,0.423,25,34,0.735,8,40,48,26,11,6,6,23,126,37,83,0.446,13,42,0.31,10,17,0.588,5,22,27,25,10,7,2,26,97,0.6392405063291139,0.5240963855421686,1,21,3,-16,17,2.3636363636363638,2.5,29.0,1
2026-04-30,2025-26,playoffs,ATL,0,140.0,89.0,51.0,1,50,85,0.588,13,36,0.361,27,34,0.794,9,37,46,33,10,16,6,22,140,31,82,0.378,9,35,0.257,18,23,0.783,11,24,35,22,19,5,4,22,89,0.6647058823529411,0.4329268292682927,-9,11,-2,1,11,3.3,1.1578947368421053,51.0,1
2026-05-04,2025-26,playoffs,PHI,1,137.0,98.0,39.0,1,53,84,0.631,19,37,0.514,12,17,0.706,8,31,39,34,15,10,6,25,137,30,73,0.411,11,30,0.367,27,34,0.794,8,20,28,15,19,6,1,24,98,0.7440476190476191,0.4863013698630137,-4,11,0,7,-17,2.2666666666666666,0.7894736842105263,39.0,1
2026-05-06,2025-26,playoffs,PHI,1,108.0,102.0,6.0,1,40,79,0.506,7,26,0.269,21,25,0.84,9,28,37,25,13,10,2,20,108,34,75,0.453,13,34,0.382,21,28,0.75,11,28,39,20,18,8,6,23,102,0.5506329113924051,0.54,-5,-2,-2,-8,-3,1.9230769230769231,1.1111111111111112,6.0,1
2026-05-08,2025-26,playoffs,PHI,0,108.0,94.0,14.0,1,38,76,0.5,9,27,0.333,23,32,0.719,13,36,49,25,15,6,4,21,108,36,84,0.429,9,32,0.281,13,16,0.813,9,24,33,23,11,7,3,25,94,0.5592105263157895,0.48214285714285715,4,16,4,-5,16,1.6666666666666667,2.090909090909091,14.0,1
2026-05-10,2025-26,playoffs,PHI,0,144.0,114.0,30.0,1,49,91,0.538,25,44,0.568,21,29,0.724,15,32,47,33,11,6,4,22,144,43,86,0.5,8,35,0.229,20,28,0.714,7,23,30,24,10,5,3,23,114,0.6758241758241759,0.5465116279069767,1,17,8,9,1,3.0,2.4,30.0,1
2026-05-19,2025-26,playoffs,CLE,1,115.0,104.0,11.0,1,42,88,0.477,10,32,0.313,21,32,0.656,9,38,47,20,19,10,2,26,115,36,90,0.4,16,50,0.32,16,23,0.696,11,27,38,23,21,11,6,29,104,0.5340909090909091,0.4888888888888889,-2,9,-2,-18,9,1.0526315789473684,1.0952380952380953,11.0,1
2026-05-21,2025-26,playoffs,CLE,1,109.0,93.0,16.0,1,44,85,0.518,13,36,0.361,8,14,0.571,5,35,40,32,8,5,5,22,109,31,80,0.388,9,35,0.257,22,32,0.688,13,29,42,15,8,4,5,20,93,0.5941176470588235,0.44375,0,-2,-8,1,-18,4.0,1.875,16.0,1
2026-05-23,2025-26,playoffs,CLE,0,121.0,108.0,13.0,1,43,77,0.558,11,28,0.393,24,27,0.889,8,29,37,27,15,11,4,19,121,42,84,0.5,12,41,0.293,12,19,0.632,9,25,34,22,18,7,1,22,108,0.6298701298701299,0.5714285714285714,-3,3,-1,-13,8,1.8,1.2222222222222223,13.0,1
2026-05-25,2025-26,playoffs,CLE,0,130.0,93.0,37.0,1,48,98,0.49,19,43,0.442,15,20,0.75,20,40,60,33,15,15,2,20,130,32,77,0.416,11,40,0.275,18,22,0.818,6,27,33,21,22,9,4,18,93,0.5867346938775511,0.487012987012987,-7,27,14,3,-2,2.2,0.9545454545454546,37.0,1
2026-06-03,2025-26,playoffs,SAS,0,14.0,19.0,-5.0,0,6,17,0.353,2,7,0.286,0,0,,2,6,8,5,4,2,1,4,14,6,18,0.333,2,9,0.222,5,5,1.0,4,8,12,2,2,3,2,2,19,0.4117647058823529,0.3888888888888889,2,-4,-2,-2,-5,1.25,1.0,-5.0,1
