game_id,date,season,game_type,team,opponent,team_win,sga_points,sga_player_ts_pct,sga_player_efg_pct,sga_fta,sga_assists,sga_turnovers,sga_rebounds,sga_plus_minus,jalen_williams_points,jalen_williams_player_ts_pct,jalen_williams_player_efg_pct,jalen_williams_assists,jalen_williams_turnovers,jalen_williams_plus_minus,chet_points,chet_rebounds,chet_blocks,chet_player_ts_pct,chet_plus_minus,team_bench_points,team_bench_rebounds,team_bench_assists,team_bench_plus_minus,opponent_bench_points,opponent_bench_rebounds,opponent_bench_assists,opponent_bench_plus_minus,bench_margin
22400075,2024-10-24,2024-25,regular_season,OKC,DEN,1,28.0,0.5343511450381679,0.5,5.0,8.0,2.0,7.0,8.0,12.0,0.36496350364963503,0.375,3.0,5.0,0.0,25.0,14.0,4.0,0.6188118811881188,9.0,28,19,7,41,16,15,7,-66,12
22400091,2024-10-26,2024-25,regular_season,OKC,CHI,1,23.0,0.5152329749103942,0.47619047619047616,3.0,2.0,1.0,8.0,23.0,24.0,0.5145797598627787,0.4772727272727273,8.0,2.0,5.0,21.0,16.0,2.0,0.4879182156133829,8.0,30,13,8,28,29,20,9,-17,1
22400100,2024-10-27,2024-25,regular_season,OKC,ATL,1,35.0,0.6067961165048543,0.5208333333333334,11.0,9.0,1.0,11.0,24.0,20.0,0.4873294346978558,0.47058823529411764,5.0,0.0,14.0,25.0,9.0,6.0,0.8054123711340206,19.0,27,10,6,33,39,22,9,-23,-12
22400125,2024-10-30,2024-25,regular_season,OKC,SAS,1,18.0,0.4310344827586207,0.4,2.0,5.0,1.0,4.0,3.0,12.0,0.4322766570605187,0.4230769230769231,8.0,1.0,19.0,19.0,5.0,2.0,0.8731617647058822,8.0,27,16,10,16,29,19,4,-27,-2
22400140,2024-11-01,2024-25,regular_season,OKC,POR,1,30.0,0.7267441860465116,0.6944444444444444,6.0,6.0,3.0,7.0,25.0,22.0,0.8540372670807453,0.8333333333333334,4.0,3.0,16.0,6.0,1.0,5.0,0.6302521008403361,12.0,52,15,15,47,53,18,10,-23,-1
22400150,2024-11-02,2024-25,regular_season,OKC,LAC,1,25.0,0.6959910913140311,0.5714285714285714,9.0,9.0,3.0,3.0,8.0,15.0,0.4443127962085308,0.40625,4.0,4.0,10.0,10.0,14.0,1.0,0.4646840148698885,11.0,27,8,3,19,34,14,12,-17,-7
22400163,2024-11-04,2024-25,regular_season,OKC,ORL,1,21.0,0.5912162162162161,0.53125,4.0,9.0,4.0,6.0,18.0,23.0,0.6764705882352942,0.6764705882352942,1.0,1.0,-1.0,14.0,9.0,2.0,0.5737704918032788,15.0,34,16,10,41,19,14,4,-67,15
22400177,2024-11-06,2024-25,regular_season,OKC,DEN,0,28.0,0.5982905982905983,0.5263157894736842,10.0,6.0,8.0,2.0,3.0,29.0,0.6531531531531531,0.65,9.0,1.0,3.0,15.0,10.0,1.0,0.489556135770235,-11.0,28,14,8,-3,14,11,6,-4,14
22400192,2024-11-08,2024-25,regular_season,OKC,HOU,1,29.0,0.7599580712788261,0.71875,7.0,4.0,3.0,5.0,5.0,14.0,0.6363636363636364,0.6363636363636364,3.0,3.0,21.0,29.0,5.0,3.0,0.7880434782608696,16.0,32,15,10,22,42,22,8,-31,-10
22400207,2024-11-10,2024-25,regular_season,OKC,GSW,0,24.0,0.5181347150259067,0.35294117647058826,14.0,4.0,4.0,5.0,-11.0,20.0,0.6297229219143576,0.6,4.0,4.0,-19.0,0.0,4.0,0.0,0.0,4.0,30,21,12,-21,26,14,9,-10,4
22400215,2024-11-11,2024-25,regular_season,OKC,LAC,1,45.0,0.8024251069900142,0.7142857142857143,16.0,9.0,1.0,3.0,8.0,28.0,0.7882882882882882,0.75,6.0,2.0,5.0,,,,,,20,9,8,-14,29,11,7,-17,-9
22400221,2024-11-13,2024-25,regular_season,OKC,NOP,1,29.0,0.5509118541033434,0.54,3.0,5.0,2.0,5.0,18.0,31.0,0.7352941176470589,0.6666666666666666,7.0,2.0,13.0,,,,,,24,11,3,22,36,25,5,-37,-12
22400018,2024-11-15,2024-25,regular_season,OKC,PHX,1,28.0,0.523168908819133,0.48,4.0,4.0,2.0,6.0,21.0,14.0,0.4146919431279621,0.375,3.0,1.0,12.0,,,,,,30,22,6,16,39,19,7,-11,-9
22400242,2024-11-17,2024-25,regular_season,OKC,DAL,0,36.0,0.7550335570469798,0.7105263157894737,11.0,8.0,1.0,2.0,8.0,27.0,0.7550335570469799,0.7352941176470589,5.0,1.0,-2.0,,,,,,25,10,9,-22,47,23,4,3,-22
22400025,2024-11-19,2024-25,regular_season,OKC,SAS,0,32.0,0.7067137809187279,0.675,6.0,8.0,4.0,3.0,2.0,27.0,0.510590015128593,0.5,5.0,1.0,-17.0,,,,,,24,14,1,-14,32,18,7,6,-8
22400256,2024-11-20,2024-25,regular_season,OKC,POR,1,28.0,0.5564387917329093,0.3684210526315789,14.0,4.0,2.0,5.0,7.0,30.0,0.7381889763779528,0.7105263157894737,8.0,3.0,14.0,,,,,,36,11,5,19,31,23,3,-25,5
22400285,2024-11-25,2024-25,regular_season,OKC,SAC,1,37.0,0.7447665056360708,0.75,11.0,11.0,6.0,4.0,15.0,28.0,0.7692307692307693,0.71875,5.0,5.0,16.0,,,,,,38,12,6,32,22,5,5,-33,16
22400299,2024-11-27,2024-25,regular_season,OKC,GSW,1,35.0,0.5401234567901235,0.5178571428571429,10.0,5.0,3.0,9.0,5.0,13.0,0.6827731092436975,0.6666666666666666,7.0,2.0,4.0,,,,,,28,12,9,2,40,21,8,-8,-12
22400048,2024-11-29,2024-25,regular_season,OKC,LAL,1,36.0,0.5710659898477157,0.5178571428571429,8.0,9.0,3.0,6.0,13.0,19.0,0.4778672032193159,0.47368421052631576,2.0,3.0,-3.0,,,,,,30,14,2,18,27,11,3,3,3
22400310,2024-12-01,2024-25,regular_season,OKC,HOU,0,32.0,0.6711409395973155,0.6052631578947368,11.0,5.0,2.0,8.0,6.0,22.0,0.45681063122923593,0.38095238095238093,7.0,1.0,0.0,,,,,,23,8,6,-19,21,12,2,-1,2
22400055,2024-12-03,2024-25,regular_season,OKC,UTA,1,26.0,0.653923541247485,0.631578947368421,2.0,7.0,0.0,6.0,20.0,28.0,0.7085020242914979,0.6944444444444444,5.0,0.0,15.0,,,,,,58,19,9,57,28,7,8,-70,30
22400328,2024-12-05,2024-25,regular_season,OKC,TOR,1,30.0,0.5877742946708464,0.5227272727272727,8.0,5.0,2.0,4.0,28.0,20.0,0.639386189258312,0.5384615384615384,2.0,0.0,25.0,,,,,,62,21,12,102,31,23,9,-99,31
22400342,2024-12-07,2024-25,regular_season,OKC,NOP,1,31.0,0.665807560137457,0.5833333333333334,12.0,4.0,4.0,2.0,-2.0,27.0,0.6367924528301887,0.631578947368421,5.0,4.0,18.0,,,,,,30,13,10,14,24,7,6,-23,6
22401203,2024-12-10,2024-25,regular_season,OKC,DAL,1,39.0,0.7875605815831986,0.7608695652173914,4.0,5.0,2.0,8.0,22.0,18.0,0.4113345521023766,0.38095238095238093,4.0,4.0,5.0,,,,,,29,10,11,34,28,10,8,-13,1
22401230,2024-12-14,2024-25,regular_season,OKC,HOU,1,32.0,0.5797101449275363,0.42857142857142855,15.0,6.0,1.0,8.0,16.0,20.0,0.47892720306513414,0.45,5.0,3.0,10.0,,,,,,14,7,3,24,35,15,1,-28,-21
22400361,2024-12-19,2024-25,regular_season,OKC,ORL,1,35.0,0.6304034582132565,0.5961538461538461,4.0,6.0,4.0,4.0,-6.0,11.0,0.36666666666666664,0.36666666666666664,7.0,3.0,2.0,,,,,,34,9,4,4,25,12,9,-44,9
22400375,2024-12-20,2024-25,regular_season,OKC,MIA,1,25.0,0.48299845440494593,0.46,2.0,4.0,3.0,7.0,14.0,33.0,0.5876068376068376,0.56,4.0,4.0,1.0,,,,,,15,13,9,9,17,10,4,-21,-2
22400400,2024-12-23,2024-25,regular_season,OKC,WAS,1,41.0,0.6972789115646258,0.62,10.0,3.0,3.0,9.0,25.0,17.0,0.43016194331983804,0.3888888888888889,4.0,2.0,-8.0,,,,,,40,26,10,54,34,19,11,-38,6
22400410,2024-12-26,2024-25,regular_season,OKC,IND,1,45.0,0.8383010432190761,0.7727272727272727,11.0,8.0,1.0,7.0,10.0,20.0,0.4370629370629371,0.4090909090909091,5.0,2.0,-8.0,,,,,,29,12,5,25,35,13,5,-16,-6
22400428,2024-12-28,2024-25,regular_season,OKC,CHA,1,22.0,0.6235827664399093,0.5666666666666667,6.0,6.0,6.0,4.0,12.0,20.0,0.44802867383512546,0.40476190476190477,6.0,1.0,17.0,,,,,,25,17,8,-4,28,23,5,-12,-3
22400440,2024-12-29,2024-25,regular_season,OKC,MEM,1,35.0,0.8086876155268022,0.7631578947368421,6.0,7.0,1.0,6.0,27.0,14.0,0.4375,0.4375,8.0,2.0,12.0,,,,,,61,15,9,47,47,15,17,-48,14
22400452,2024-12-31,2024-25,regular_season,OKC,MIN,1,40.0,0.7418397626112759,0.717391304347826,9.0,2.0,3.0,3.0,11.0,14.0,0.5087209302325582,0.5416666666666666,7.0,3.0,-10.0,,,,,,25,9,3,4,41,11,12,-26,-16
22400466,2025-01-02,2024-25,regular_season,OKC,LAC,1,29.0,0.6917938931297709,0.5882352941176471,9.0,8.0,1.0,3.0,19.0,18.0,0.6048387096774194,0.6071428571428571,4.0,2.0,33.0,,,,,,38,14,6,7,41,30,12,0,-3
22400473,2025-01-03,2024-25,regular_season,OKC,NYK,1,33.0,0.5674002751031637,0.5,7.0,7.0,2.0,4.0,10.0,20.0,0.5208333333333334,0.5,5.0,0.0,6.0,,,,,,44,13,4,0,5,5,2,-7,39
22400487,2025-01-05,2024-25,regular_season,OKC,BOS,1,33.0,0.6221719457013575,0.5434782608695652,8.0,6.0,3.0,11.0,12.0,10.0,0.4251700680272109,0.35,5.0,4.0,19.0,,,,,,27,10,6,0,13,14,2,-10,14
22400509,2025-01-08,2024-25,regular_season,OKC,CLE,0,31.0,0.53894297635605,0.5,4.0,4.0,5.0,5.0,-1.0,25.0,0.6225099601593626,0.5882352941176471,9.0,3.0,-12.0,,,,,,26,11,7,-7,37,9,7,4,-11
22400529,2025-01-10,2024-25,regular_season,OKC,NYK,1,39.0,0.7952691680261011,0.7380952380952381,8.0,2.0,2.0,3.0,18.0,19.0,0.5349099099099098,0.5,5.0,1.0,5.0,,,,,,25,27,4,52,31,15,6,-40,-6
22400545,2025-01-12,2024-25,regular_season,OKC,WAS,1,27.0,0.5514705882352942,0.3235294117647059,17.0,4.0,3.0,7.0,30.0,17.0,0.5145278450363197,0.34615384615384615,2.0,3.0,21.0,,,,,,52,27,8,93,47,19,9,-65,5
22400555,2025-01-14,2024-25,regular_season,OKC,PHI,1,32.0,0.8639308855291576,0.8333333333333334,8.0,9.0,4.0,3.0,15.0,24.0,0.6802721088435374,0.6,6.0,4.0,21.0,,,,,,27,8,9,-26,21,9,6,-21,6
22400574,2025-01-16,2024-25,regular_season,OKC,CLE,1,40.0,0.7092198581560284,0.6730769230769231,5.0,8.0,2.0,3.0,32.0,19.0,0.6384408602150538,0.6071428571428571,5.0,0.0,29.0,,,,,,53,16,7,4,64,34,16,-30,-11
22400583,2025-01-17,2024-25,regular_season,OKC,DAL,0,,,,,,,,,19.0,0.3722570532915361,0.3409090909090909,6.0,6.0,-12.0,,,,,,32,18,6,-11,29,13,7,-4,3
22400595,2025-01-19,2024-25,regular_season,OKC,BKN,1,27.0,0.7336956521739131,0.6071428571428571,10.0,10.0,2.0,3.0,27.0,,,,,,,,,,,,41,22,13,36,49,23,14,-57,-8
22400618,2025-01-22,2024-25,regular_season,OKC,UTA,1,54.0,0.6290773532152842,0.5285714285714286,18.0,5.0,3.0,8.0,9.0,25.0,0.5929791271347249,0.5277777777777778,2.0,2.0,-1.0,,,,,,16,15,7,28,25,10,4,-58,-9
22400625,2025-01-23,2024-25,regular_season,OKC,DAL,0,31.0,0.5607814761215629,0.5,6.0,7.0,3.0,1.0,-7.0,33.0,0.7051282051282052,0.6842105263157895,7.0,3.0,-11.0,,,,,,23,12,8,17,26,14,10,-13,-3
22400647,2025-01-26,2024-25,regular_season,OKC,POR,1,35.0,0.6042817679558011,0.52,9.0,1.0,2.0,5.0,-4.0,24.0,0.5328596802841918,0.42105263157894735,8.0,0.0,9.0,,,,,,24,16,5,28,15,18,2,-54,9
22400673,2025-01-29,2024-25,regular_season,OKC,GSW,0,52.0,0.6799163179916318,0.5862068965517241,21.0,4.0,3.0,3.0,1.0,26.0,0.4836309523809524,0.5,2.0,1.0,-18.0,,,,,,6,14,6,-3,26,21,12,-6,-20
22400691,2025-02-01,2024-25,regular_season,OKC,SAC,1,29.0,0.5942622950819673,0.525,10.0,9.0,4.0,6.0,17.0,,,,,,,,,,,,38,25,14,77,24,16,6,-53,14
22400705,2025-02-03,2024-25,regular_season,OKC,MIL,1,34.0,0.8366141732283464,0.8421052631578947,3.0,6.0,3.0,3.0,34.0,,,,,,,,,,,,60,27,13,91,43,13,14,-88,17
22400724,2025-02-05,2024-25,regular_season,OKC,PHX,1,50.0,0.7292882147024504,0.6724137931034483,12.0,5.0,1.0,8.0,42.0,13.0,0.5416666666666666,0.5416666666666666,4.0,0.0,17.0,,,,,,44,23,9,22,28,23,8,-54,16
22400739,2025-02-07,2024-25,regular_season,OKC,TOR,1,25.0,0.6883259911894273,0.4583333333333333,14.0,6.0,2.0,4.0,15.0,27.0,0.576923076923077,0.5,4.0,3.0,9.0,4.0,5.0,4.0,0.4,22.0,23,24,11,7,47,14,12,-19,-24
22400746,2025-02-08,2024-25,regular_season,OKC,MEM,1,32.0,0.48426150121065376,0.36538461538461536,16.0,8.0,0.0,0.0,18.0,25.0,0.625,0.625,6.0,4.0,10.0,,,,,,16,21,7,10,34,10,2,-20,-18
22400761,2025-02-10,2024-25,regular_season,OKC,NOP,1,31.0,0.6590136054421769,0.6,8.0,2.0,1.0,1.0,12.0,16.0,0.6734006734006733,0.6818181818181818,5.0,2.0,22.0,12.0,6.0,5.0,0.5102040816326531,5.0,48,28,20,111,30,11,2,-75,18
22400778,2025-02-12,2024-25,regular_season,OKC,MIA,1,32.0,0.6163328197226502,0.5909090909090909,9.0,9.0,1.0,5.0,19.0,18.0,0.5232558139534884,0.5,3.0,2.0,-6.0,,,,,,29,15,6,53,22,20,4,-45,7
22400787,2025-02-13,2024-25,regular_season,OKC,MIN,0,24.0,0.46439628482972134,0.30952380952380953,11.0,9.0,1.0,8.0,-12.0,20.0,0.5208333333333334,0.47058823529411764,5.0,1.0,-4.0,11.0,12.0,2.0,0.5705394190871369,-3.0,22,11,8,-53,18,15,6,14,4
22400804,2025-02-21,2024-25,regular_season,OKC,UTA,1,21.0,0.5633047210300429,0.46875,6.0,8.0,3.0,2.0,11.0,18.0,0.6048387096774194,0.5714285714285714,4.0,2.0,13.0,20.0,7.0,3.0,0.5668934240362812,17.0,57,18,20,48,33,10,16,-30,24
22400820,2025-02-23,2024-25,regular_season,OKC,MIN,1,37.0,0.6414701803051318,0.6041666666666666,11.0,8.0,5.0,8.0,16.0,18.0,0.5710659898477157,0.5357142857142857,9.0,3.0,-2.0,19.0,4.0,3.0,0.8636363636363636,4.0,40,10,7,22,28,6,6,-5,12
22400826,2025-02-24,2024-25,regular_season,OKC,MIN,0,39.0,0.7096069868995633,0.625,17.0,8.0,4.0,10.0,2.0,27.0,0.5265210608424337,0.4782608695652174,6.0,3.0,-5.0,,,,,,26,21,11,19,39,14,9,17,-13
22400840,2025-02-26,2024-25,regular_season,OKC,BKN,1,27.0,0.8074162679425838,0.6818181818181818,13.0,5.0,3.0,6.0,-15.0,22.0,0.5765199161425577,0.53125,4.0,2.0,10.0,22.0,17.0,3.0,0.7294429708222812,14.0,21,9,9,-12,24,13,7,-101,-3
22400851,2025-02-28,2024-25,regular_season,OKC,ATL,1,31.0,0.6260096930533118,0.5869565217391305,4.0,5.0,1.0,3.0,23.0,20.0,0.563063063063063,0.5,8.0,3.0,9.0,7.0,4.0,0.0,0.3941441441441441,12.0,43,18,13,39,41,13,6,-51,2
22400871,2025-03-02,2024-25,regular_season,OKC,SAS,1,31.0,0.6750871080139372,0.6052631578947368,9.0,8.0,0.0,4.0,15.0,41.0,0.757016248153619,0.7083333333333334,6.0,0.0,12.0,,,,,,28,18,7,-5,45,16,16,13,-17
22400879,2025-03-03,2024-25,regular_season,OKC,HOU,1,51.0,0.7412790697674418,0.6833333333333333,10.0,7.0,2.0,5.0,6.0,24.0,0.6437768240343348,0.625,3.0,1.0,13.0,11.0,11.0,3.0,0.4310344827586207,7.0,26,24,12,6,41,21,7,-11,-15
22400895,2025-03-05,2024-25,regular_season,OKC,MEM,1,41.0,0.6972789115646258,0.62,10.0,8.0,4.0,2.0,19.0,20.0,0.5208333333333334,0.4411764705882353,9.0,4.0,21.0,,,,,,30,12,2,-27,36,21,9,-30,-6
22400908,2025-03-07,2024-25,regular_season,OKC,POR,1,,,,,,,,,,,,,,,,,,,,25,9,3,-22,23,26,3,-10,2
22400920,2025-03-09,2024-25,regular_season,OKC,DEN,1,40.0,0.563063063063063,0.5,8.0,5.0,1.0,8.0,11.0,26.0,0.6900212314225053,0.5714285714285714,8.0,1.0,17.0,14.0,8.0,4.0,0.6704980842911877,32.0,31,14,7,47,15,4,2,-27,16
22400936,2025-03-10,2024-25,regular_season,OKC,DEN,0,25.0,0.751201923076923,0.6785714285714286,6.0,7.0,3.0,3.0,-18.0,12.0,0.551470588235294,0.55,6.0,1.0,8.0,8.0,4.0,2.0,0.3246753246753247,-20.0,36,13,11,-14,24,5,4,25,12
22400946,2025-03-12,2024-25,regular_season,OKC,BOS,1,34.0,0.6843800322061192,0.6,11.0,7.0,5.0,5.0,3.0,,,,,,,23.0,15.0,1.0,0.6733021077283373,9.0,23,10,4,3,20,7,2,4,3
22400969,2025-03-15,2024-25,regular_season,OKC,DET,1,48.0,0.7894736842105263,0.7307692307692307,10.0,6.0,2.0,4.0,18.0,,,,,,,,,,,,12,16,4,6,44,19,16,28,-32
22400982,2025-03-16,2024-25,regular_season,OKC,MIL,1,31.0,0.48680904522613067,0.4074074074074074,11.0,8.0,1.0,2.0,8.0,,,,,,,16.0,8.0,0.0,0.7434944237918216,4.0,22,18,13,37,35,14,5,-18,-13
22401002,2025-03-19,2024-25,regular_season,OKC,PHI,1,,,,,,,,,,,,,,,19.0,7.0,1.0,0.6964809384164222,19.0,43,21,8,26,22,16,10,-64,21
22401017,2025-03-21,2024-25,regular_season,OKC,CHA,1,30.0,0.7944915254237288,0.7777777777777778,2.0,9.0,1.0,6.0,31.0,,,,,,,14.0,5.0,3.0,0.5087209302325582,12.0,63,17,9,76,44,19,11,-78,19
22401036,2025-03-23,2024-25,regular_season,OKC,LAC,1,26.0,0.384160756501182,0.25862068965517243,11.0,8.0,1.0,3.0,0.0,,,,,,,,,,,,31,15,5,-9,26,14,4,-3,5
22401052,2025-03-25,2024-25,regular_season,OKC,SAC,1,32.0,0.5839416058394161,0.5,10.0,5.0,5.0,8.0,13.0,,,,,,,18.0,10.0,0.0,0.5710659898477157,10.0,33,23,13,18,28,7,8,-10,5
22401064,2025-03-27,2024-25,regular_season,OKC,MEM,1,37.0,0.6388121546961326,0.6,9.0,6.0,0.0,3.0,26.0,20.0,0.6443298969072165,0.5416666666666666,4.0,4.0,0.0,4.0,9.0,0.0,0.2222222222222222,4.0,31,22,7,26,34,12,6,-25,-3
22401079,2025-03-29,2024-25,regular_season,OKC,IND,1,33.0,0.5834512022630834,0.5,12.0,8.0,0.0,7.0,17.0,18.0,0.5555555555555556,0.5,6.0,2.0,10.0,,,,,,35,23,4,31,49,17,12,-30,-14
22401094,2025-03-31,2024-25,regular_season,OKC,CHI,1,27.0,0.7903981264637003,0.7142857142857143,7.0,12.0,2.0,0.0,29.0,23.0,0.704656862745098,0.7333333333333333,3.0,3.0,14.0,5.0,6.0,0.0,0.35714285714285715,20.0,78,25,14,32,61,23,12,-23,17
22401108,2025-04-02,2024-25,regular_season,OKC,DET,1,33.0,0.5274936061381074,0.4230769230769231,12.0,3.0,1.0,6.0,30.0,23.0,0.5855397148676171,0.5882352941176471,3.0,2.0,8.0,22.0,11.0,6.0,0.6124721603563474,16.0,14,12,10,-3,28,14,4,-18,-14
22401123,2025-04-04,2024-25,regular_season,OKC,HOU,0,22.0,0.4807692307692308,0.4772727272727273,2.0,8.0,3.0,4.0,-6.0,33.0,0.6979695431472082,0.6666666666666666,4.0,2.0,-13.0,20.0,4.0,2.0,0.9191176470588235,3.0,18,13,5,-36,22,17,2,19,-4
22401135,2025-04-06,2024-25,regular_season,OKC,LAL,0,26.0,0.5652173913043478,0.5652173913043478,0.0,9.0,1.0,3.0,-20.0,16.0,0.4566210045662101,0.32142857142857145,3.0,0.0,-11.0,10.0,3.0,1.0,0.8333333333333334,-5.0,32,16,7,-53,32,17,6,60,0
22401153,2025-04-08,2024-25,regular_season,OKC,LAL,1,42.0,0.6809338521400778,0.6346153846153846,11.0,6.0,1.0,6.0,7.0,26.0,0.5824372759856631,0.5476190476190477,4.0,1.0,18.0,14.0,4.0,2.0,0.5255255255255256,5.0,32,14,9,14,26,22,4,-30,6
22401164,2025-04-09,2024-25,regular_season,OKC,PHX,1,,,,,,,,,33.0,0.6435257410296412,0.6086956521739131,5.0,2.0,8.0,22.0,10.0,0.0,0.6207674943566592,16.0,35,13,5,19,46,15,9,-12,-11
22401181,2025-04-11,2024-25,regular_season,OKC,UTA,1,,,,,,,,,,,,,,,,,,,,35,15,17,55,40,22,5,-42,-5
22401196,2025-04-13,2024-25,regular_season,OKC,NOP,1,,,,,,,,,,,,,,,,,,,,14,9,3,20,24,11,5,-32,-10
42400141,2025-04-20,2024-25,playoffs,OKC,MEM,1,15.0,0.46641791044776126,0.34615384615384615,7.0,5.0,2.0,3.0,28.0,20.0,0.625,0.625,6.0,2.0,44.0,19.0,10.0,2.0,0.6964809384164222,25.0,49,31,16,105,46,30,6,-76,3
42400142,2025-04-22,2024-25,playoffs,OKC,MEM,1,27.0,0.4388816644993498,0.39655172413793105,4.0,5.0,2.0,8.0,12.0,24.0,0.5905511811023622,0.5789473684210527,5.0,1.0,4.0,20.0,11.0,5.0,0.6009615384615384,9.0,33,11,8,51,8,13,6,-39,25
42400143,2025-04-24,2024-25,playoffs,OKC,MEM,1,31.0,0.5173564753004005,0.4230769230769231,9.0,8.0,3.0,4.0,4.0,26.0,0.6372549019607844,0.625,5.0,2.0,13.0,24.0,8.0,0.0,0.6756756756756757,18.0,26,14,8,-20,29,10,8,15,-3
42400144,2025-04-26,2024-25,playoffs,OKC,MEM,1,38.0,0.6393001345895021,0.5625,13.0,6.0,1.0,5.0,2.0,23.0,0.5255941499085923,0.5238095238095238,5.0,1.0,6.0,11.0,2.0,4.0,0.4725085910652921,-3.0,35,17,5,12,19,14,9,-4,16
42400221,2025-05-05,2024-25,playoffs,OKC,DEN,0,33.0,0.5507343124165553,0.5,9.0,8.0,1.0,10.0,-16.0,16.0,0.35335689045936397,0.3,4.0,1.0,-6.0,12.0,6.0,4.0,0.4702194357366771,-14.0,32,9,11,45,7,6,0,-47,25
42400222,2025-05-07,2024-25,playoffs,OKC,DEN,1,34.0,0.952914798206278,0.8846153846153846,11.0,8.0,2.0,4.0,51.0,17.0,0.6231671554252199,0.5454545454545454,7.0,1.0,23.0,15.0,11.0,2.0,0.6768953068592057,34.0,57,16,9,54,54,14,10,-44,3
42400223,2025-05-09,2024-25,playoffs,OKC,DEN,0,18.0,0.37190082644628103,0.3409090909090909,5.0,7.0,1.0,13.0,-4.0,32.0,0.6525285481239804,0.5952380952380952,5.0,3.0,-11.0,18.0,16.0,3.0,0.4335260115606936,-8.0,23,8,5,-11,15,6,4,-2,8
42400224,2025-05-11,2024-25,playoffs,OKC,DEN,1,25.0,0.514827018121911,0.42105263157894735,12.0,6.0,3.0,6.0,6.0,10.0,0.319693094629156,0.15384615384615385,5.0,1.0,-3.0,8.0,13.0,0.0,0.4,-7.0,31,15,4,8,8,3,1,-28,23
42400225,2025-05-13,2024-25,playoffs,OKC,DEN,1,31.0,0.6045241809672387,0.5434782608695652,6.0,7.0,5.0,6.0,8.0,18.0,0.5136986301369864,0.42857142857142855,4.0,0.0,12.0,14.0,8.0,2.0,0.6782945736434108,13.0,22,10,8,-1,10,14,4,-5,12
42400226,2025-05-15,2024-25,playoffs,OKC,DEN,0,32.0,0.7677543186180422,0.75,11.0,6.0,2.0,3.0,-8.0,6.0,0.1875,0.1875,10.0,3.0,-8.0,19.0,11.0,1.0,0.6201044386422976,3.0,30,15,4,-31,27,8,0,-15,3
42400227,2025-05-18,2024-25,playoffs,OKC,DEN,1,35.0,0.7621951219512195,0.7105263157894737,9.0,4.0,0.0,3.0,32.0,24.0,0.6550218340611353,0.6470588235294118,7.0,1.0,35.0,13.0,11.0,1.0,0.5584192439862543,34.0,35,22,8,-19,27,19,7,-71,8
42400311,2025-05-20,2024-25,playoffs,OKC,MIN,1,31.0,0.46743063932448736,0.37037037037037035,14.0,9.0,2.0,5.0,22.0,19.0,0.4807692307692307,0.4166666666666667,5.0,0.0,13.0,15.0,7.0,2.0,0.6970260223048327,8.0,41,22,3,59,21,14,8,-35,20
42400312,2025-05-22,2024-25,playoffs,OKC,MIN,1,38.0,0.6884057971014492,0.5952380952380952,15.0,8.0,1.0,3.0,25.0,26.0,0.6360078277886496,0.65,5.0,0.0,17.0,22.0,4.0,0.0,0.560081466395112,8.0,15,14,7,-14,35,13,5,-39,-20
42400313,2025-05-24,2024-25,playoffs,OKC,MIN,0,14.0,0.4742547425474255,0.38461538461538464,4.0,6.0,4.0,2.0,-32.0,13.0,0.5584192439862543,0.4444444444444444,2.0,4.0,-31.0,10.0,5.0,0.0,0.6009615384615384,-8.0,44,19,8,-105,66,21,13,73,-22
42400314,2025-05-26,2024-25,playoffs,OKC,MIN,1,40.0,0.5530973451327434,0.4666666666666667,14.0,10.0,5.0,9.0,5.0,34.0,0.6832797427652734,0.6666666666666666,5.0,2.0,-2.0,21.0,7.0,3.0,0.7056451612903225,2.0,19,11,5,-7,47,13,10,-10,-28
42400315,2025-05-28,2024-25,playoffs,OKC,MIN,1,34.0,0.6352765321375187,0.6,4.0,8.0,2.0,7.0,23.0,19.0,0.5864197530864198,0.5357142857142857,5.0,4.0,25.0,22.0,7.0,3.0,0.7033248081841432,21.0,32,18,9,32,34,17,8,-29,-2
42400401,2025-06-05,2024-25,playoffs,OKC,IND,0,38.0,0.5668257756563245,0.5166666666666667,8.0,3.0,2.0,5.0,3.0,17.0,0.40944123314065506,0.34210526315789475,6.0,0.0,-4.0,6.0,6.0,1.0,0.30364372469635625,4.0,23,18,0,10,39,11,8,-29,-16
42400402,2025-06-08,2024-25,playoffs,OKC,IND,1,34.0,0.6468797564687976,0.5476190476190477,12.0,8.0,2.0,5.0,5.0,19.0,0.5289532293986636,0.39285714285714285,5.0,2.0,5.0,15.0,6.0,1.0,0.6313131313131313,4.0,32,22,9,63,34,13,9,-31,-2
42400403,2025-06-11,2024-25,playoffs,OKC,IND,0,24.0,0.5300353356890459,0.475,6.0,4.0,6.0,8.0,-3.0,26.0,0.5691768826619965,0.5277777777777778,3.0,4.0,-9.0,20.0,10.0,0.0,0.5274261603375527,1.0,17,9,3,-20,48,9,6,23,-31
42400404,2025-06-13,2024-25,playoffs,OKC,IND,1,35.0,0.6161971830985916,0.5208333333333334,10.0,0.0,2.0,3.0,0.0,27.0,0.5910683012259195,0.4444444444444444,3.0,4.0,0.0,14.0,15.0,1.0,0.6013745704467354,14.0,9,12,7,4,36,10,3,-37,-27
42400405,2025-06-16,2024-25,playoffs,OKC,IND,1,31.0,0.5706921944035346,0.42857142857142855,14.0,10.0,3.0,2.0,9.0,40.0,0.6605019815059445,0.62,4.0,1.0,14.0,9.0,11.0,3.0,0.3,12.0,29,16,5,-2,43,22,8,-6,-14
42400406,2025-06-19,2024-25,playoffs,OKC,IND,0,21.0,0.5669546436285098,0.4666666666666667,8.0,2.0,8.0,4.0,-17.0,16.0,0.5263157894736842,0.46153846153846156,1.0,3.0,-40.0,4.0,6.0,0.0,0.2222222222222222,-11.0,47,21,9,44,50,18,6,0,-3
42400407,2025-06-22,2024-25,playoffs,OKC,IND,1,29.0,0.44919454770755884,0.3333333333333333,12.0,12.0,1.0,5.0,11.0,20.0,0.4416961130742049,0.4,4.0,1.0,13.0,18.0,8.0,5.0,0.78125,10.0,17,13,4,6,17,11,2,-27,0
22500001,2025-10-21,2025-26,regular_season,OKC,HOU,1,35.0,0.5441542288557214,0.4807692307692308,14.0,5.0,3.0,5.0,3.0,,,,,,,28.0,7.0,0.0,0.7462686567164178,-1.0,36,5,7,-16,24,10,5,-7,12
22500005,2025-10-23,2025-26,regular_season,OKC,IND,1,55.0,0.6479736098020735,0.5161290322580645,26.0,5.0,2.0,8.0,9.0,,,,,,,15.0,12.0,0.0,0.4832474226804124,1.0,33,15,2,1,19,12,5,-17,14
22500101,2025-10-25,2025-26,regular_season,OKC,ATL,1,30.0,0.7995735607675906,0.7647058823529411,4.0,5.0,2.0,5.0,16.0,,,,,,,31.0,11.0,1.0,0.9451219512195123,16.0,23,15,5,26,37,13,7,-19,-14
22500119,2025-10-27,2025-26,regular_season,OKC,DAL,1,23.0,0.5026223776223776,0.4772727272727273,2.0,8.0,4.0,4.0,7.0,,,,,,,18.0,11.0,4.0,0.7120253164556962,15.0,34,18,5,13,28,10,4,-18,6
22500126,2025-10-28,2025-26,regular_season,OKC,SAC,1,31.0,0.5766369047619048,0.5576923076923077,2.0,4.0,1.0,9.0,-1.0,,,,,,,,,,,,33,9,9,29,25,9,5,26,8
22500140,2025-10-30,2025-26,regular_season,OKC,WAS,1,31.0,0.6846289752650176,0.625,6.0,7.0,0.0,3.0,8.0,,,,,,,,,,,,40,24,11,33,37,21,10,-54,3
22500148,2025-11-02,2025-26,regular_season,OKC,NOP,1,30.0,0.7606490872210954,0.6071428571428571,13.0,7.0,3.0,2.0,24.0,,,,,,,,,,,,55,15,8,62,28,18,8,-57,27
22500170,2025-11-04,2025-26,regular_season,OKC,LAC,1,30.0,0.8351893095768373,0.7857142857142857,9.0,12.0,2.0,4.0,2.0,,,,,,,11.0,5.0,3.0,0.5635245901639344,22.0,51,19,7,40,42,14,9,-64,9
22500180,2025-11-05,2025-26,regular_season,OKC,POR,0,35.0,0.5517023959646911,0.4423076923076923,13.0,4.0,0.0,9.0,1.0,,,,,,,,,,,,21,16,7,-22,30,15,5,11,-9
22500038,2025-11-07,2025-26,regular_season,OKC,SAC,1,30.0,0.6893382352941176,0.65,4.0,3.0,1.0,1.0,10.0,,,,,,,10.0,7.0,1.0,0.5060728744939271,19.0,22,19,8,56,40,13,4,-57,-18
22500194,2025-11-09,2025-26,regular_season,OKC,MEM,1,35.0,0.6520119225037257,0.5681818181818182,11.0,6.0,1.0,7.0,28.0,,,,,,,21.0,7.0,0.0,0.666243654822335,14.0,13,14,4,-8,37,16,9,1,-24
22500210,2025-11-11,2025-26,regular_season,OKC,GSW,1,28.0,0.6216696269982238,0.5526315789473685,8.0,11.0,2.0,5.0,25.0,,,,,,,23.0,11.0,1.0,1.1143410852713178,23.0,28,14,8,48,59,18,11,-48,-31
22500222,2025-11-12,2025-26,regular_season,OKC,LAL,1,30.0,0.6830601092896175,0.6111111111111112,9.0,9.0,1.0,5.0,25.0,,,,,,,11.0,3.0,2.0,0.6979695431472082,16.0,39,29,9,38,32,19,7,-16,7
22500229,2025-11-15,2025-26,regular_season,OKC,CHA,1,33.0,0.7783018867924528,0.7631578947368421,5.0,7.0,1.0,4.0,21.0,,,,,,,25.0,8.0,1.0,0.5744485294117647,13.0,15,18,4,19,44,21,12,10,-29
22500247,2025-11-17,2025-26,regular_season,OKC,NOP,1,23.0,0.8582089552238805,0.7222222222222222,10.0,8.0,3.0,2.0,32.0,,,,,,,26.0,9.0,1.0,0.8248730964467005,23.0,37,17,11,-30,42,17,9,-20,-5
22500261,2025-11-19,2025-26,regular_season,OKC,SAC,1,33.0,0.5809859154929577,0.5208333333333334,10.0,3.0,3.0,8.0,9.0,,,,,,,21.0,7.0,3.0,0.7,1.0,28,11,8,27,30,19,3,-24,-2
22500055,2025-11-21,2025-26,regular_season,OKC,UTA,1,31.0,0.8039419087136929,0.75,12.0,8.0,2.0,2.0,14.0,,,,,,,11.0,3.0,1.0,0.3696236559139785,12.0,64,16,19,79,42,11,13,-97,22
22500280,2025-11-23,2025-26,regular_season,OKC,POR,1,37.0,0.8424408014571949,0.7777777777777778,9.0,7.0,1.0,5.0,27.0,,,,,,,5.0,9.0,3.0,0.2815315315315315,5.0,43,30,16,53,46,25,8,-35,-3
22500064,2025-11-26,2025-26,regular_season,OKC,MIN,1,40.0,0.7552870090634441,0.6578947368421053,17.0,6.0,1.0,6.0,12.0,,,,,,,12.0,9.0,1.0,0.4658385093167702,-16.0,32,13,6,46,38,5,8,-40,-6
22500075,2025-11-28,2025-26,regular_season,OKC,PHX,1,37.0,0.673216885007278,0.575,17.0,8.0,1.0,3.0,8.0,11.0,0.3997093023255814,0.2916666666666667,8.0,1.0,4.0,23.0,8.0,0.0,0.7352941176470588,2.0,31,16,7,-11,30,25,5,-1,1
22500305,2025-11-30,2025-26,regular_season,OKC,POR,1,26.0,0.641025641025641,0.5333333333333333,12.0,5.0,3.0,4.0,2.0,16.0,0.42372881355932207,0.3888888888888889,5.0,1.0,12.0,19.0,9.0,3.0,0.5668257756563245,14.0,35,17,9,6,27,12,3,-4,8
22500323,2025-12-02,2025-26,regular_season,OKC,GSW,1,38.0,0.7480314960629921,0.7380952380952381,10.0,4.0,0.0,3.0,10.0,22.0,0.6193693693693693,0.5625,6.0,3.0,15.0,21.0,8.0,1.0,0.7882882882882882,6.0,29,17,7,-4,51,20,11,-9,-22
22500349,2025-12-05,2025-26,regular_season,OKC,DAL,1,33.0,0.954861111111111,0.9166666666666666,12.0,6.0,2.0,5.0,24.0,15.0,0.5877742946708464,0.5,5.0,1.0,14.0,15.0,8.0,1.0,0.6313131313131313,16.0,49,18,15,28,56,18,7,-33,-7
22500363,2025-12-07,2025-26,regular_season,OKC,UTA,1,,,,,,,,,25.0,0.6287726358148894,0.6052631578947368,8.0,0.0,11.0,25.0,9.0,2.0,0.7659313725490196,16.0,74,29,9,27,33,17,6,-60,41
22501203,2025-12-10,2025-26,regular_season,OKC,PHX,1,28.0,0.8578431372549019,0.8333333333333334,3.0,8.0,4.0,2.0,43.0,15.0,0.7684426229508197,0.6875,5.0,3.0,32.0,24.0,8.0,3.0,0.8379888268156425,33.0,53,21,15,81,43,24,9,-95,10
22501230,2025-12-13,2025-26,regular_season,OKC,SAS,0,29.0,0.58562197092084,0.5434782608695652,4.0,5.0,5.0,4.0,2.0,17.0,0.4560085836909871,0.375,4.0,2.0,-18.0,17.0,7.0,1.0,0.6400602409638554,18.0,30,24,6,-14,35,27,4,-12,-5
22500369,2025-12-18,2025-26,regular_season,OKC,LAC,1,32.0,0.6006006006006006,0.5833333333333334,6.0,6.0,1.0,7.0,10.0,20.0,0.6720430107526881,0.6428571428571429,5.0,1.0,4.0,22.0,7.0,0.0,0.7681564245810055,8.0,27,15,6,61,29,17,6,-56,-2
22500385,2025-12-19,2025-26,regular_season,OKC,MIN,0,35.0,0.5928184281842819,0.5192307692307693,8.0,7.0,3.0,5.0,5.0,17.0,0.47860360360360354,0.4375,2.0,4.0,-9.0,14.0,5.0,2.0,0.6013745704467354,-8.0,41,24,5,-21,30,15,8,8,11
22500406,2025-12-22,2025-26,regular_season,OKC,MEM,1,31.0,0.6846289752650176,0.625,6.0,8.0,5.0,10.0,13.0,24.0,0.551470588235294,0.525,2.0,2.0,15.0,,,,,,32,17,6,6,46,17,13,-39,-14
22500417,2025-12-23,2025-26,regular_season,OKC,SAS,0,33.0,0.6818181818181819,0.6590909090909091,5.0,8.0,2.0,3.0,-17.0,17.0,0.4722222222222222,0.4722222222222222,8.0,3.0,-11.0,7.0,3.0,1.0,0.35,-11.0,30,10,6,-47,55,20,18,56,-25
22500010,2025-12-25,2025-26,regular_season,OKC,SAS,0,22.0,0.48845470692717585,0.39473684210526316,8.0,4.0,0.0,6.0,-15.0,12.0,0.4065040650406504,0.4230769230769231,6.0,1.0,4.0,10.0,12.0,1.0,0.5060728744939271,-14.0,37,12,5,-43,30,20,5,38,7
22500442,2025-12-28,2025-26,regular_season,OKC,PHI,1,27.0,0.7959905660377358,0.7692307692307693,9.0,5.0,1.0,2.0,19.0,14.0,0.5351681957186545,0.4,6.0,2.0,21.0,29.0,9.0,4.0,0.7729211087420041,22.0,47,15,11,38,41,18,5,-44,6
22500455,2025-12-29,2025-26,regular_season,OKC,ATL,1,39.0,0.7200886262924668,0.6666666666666666,7.0,6.0,3.0,6.0,16.0,20.0,0.5208333333333334,0.47058823529411764,7.0,3.0,22.0,24.0,10.0,2.0,0.7614213197969544,14.0,24,10,7,-18,30,9,7,-8,-6
22500470,2025-12-31,2025-26,regular_season,OKC,POR,1,30.0,0.8296460176991152,0.7666666666666667,7.0,6.0,0.0,2.0,22.0,13.0,0.4836309523809524,0.46153846153846156,7.0,2.0,11.0,12.0,10.0,6.0,0.551470588235294,29.0,52,18,10,59,29,26,2,-45,23
22500484,2026-01-02,2025-26,regular_season,OKC,GSW,1,30.0,0.6499133448873484,0.575,7.0,7.0,3.0,1.0,26.0,12.0,0.505050505050505,0.45454545454545453,2.0,1.0,3.0,15.0,15.0,4.0,0.7684426229508197,23.0,49,27,15,63,44,21,7,-91,5
22500499,2026-01-04,2025-26,regular_season,OKC,PHX,0,25.0,0.4815100154083205,0.38636363636363635,9.0,6.0,3.0,0.0,-5.0,23.0,0.7791327913279132,0.7307692307692307,7.0,4.0,2.0,18.0,9.0,3.0,0.7867132867132868,8.0,13,10,3,-16,25,26,4,-6,-12
22500506,2026-01-05,2025-26,regular_season,OKC,CHA,0,21.0,0.44416243654822335,0.35714285714285715,6.0,6.0,2.0,2.0,-20.0,16.0,0.4938271604938272,0.4642857142857143,4.0,2.0,-23.0,15.0,6.0,0.0,0.5498533724340176,-25.0,32,19,5,-45,31,16,8,38,1
22500525,2026-01-07,2025-26,regular_season,OKC,UTA,1,46.0,0.6693830034924331,0.5576923076923077,19.0,6.0,0.0,6.0,9.0,17.0,0.5071599045346061,0.43333333333333335,8.0,2.0,-2.0,23.0,12.0,3.0,0.6209503239740821,5.0,23,19,6,-11,35,18,10,-47,-12
22500536,2026-01-09,2025-26,regular_season,OKC,MEM,1,,,,,,,,,26.0,0.5803571428571429,0.5,10.0,2.0,2.0,,,,,,18,7,3,-45,48,20,11,-3,-30
22500553,2026-01-11,2025-26,regular_season,OKC,MIA,1,29.0,0.6315331010452961,0.5789473684210527,9.0,8.0,3.0,5.0,8.0,18.0,0.648414985590778,0.6923076923076923,4.0,3.0,4.0,16.0,10.0,3.0,0.5763688760806917,9.0,42,19,6,29,35,10,12,-28,7
22500568,2026-01-13,2025-26,regular_season,OKC,SAS,1,34.0,0.5919220055710307,0.5,13.0,5.0,2.0,5.0,29.0,20.0,0.6297229219143576,0.6,3.0,3.0,4.0,8.0,10.0,3.0,0.6024096385542168,-9.0,41,17,10,62,22,14,3,-38,19
22500581,2026-01-15,2025-26,regular_season,OKC,HOU,1,20.0,0.6887052341597797,0.5909090909090909,8.0,4.0,5.0,2.0,15.0,6.0,0.2525252525252525,0.18181818181818182,10.0,0.0,11.0,18.0,9.0,4.0,0.872093023255814,12.0,42,20,5,49,22,10,5,-28,20
22500597,2026-01-17,2025-26,regular_season,OKC,MIA,0,39.0,0.7888349514563107,0.6842105263157895,13.0,3.0,2.0,4.0,-1.0,8.0,0.8,0.8,3.0,1.0,4.0,14.0,11.0,5.0,0.5255255255255256,-8.0,32,17,15,8,39,22,8,-20,-7
22500015,2026-01-19,2025-26,regular_season,OKC,CLE,1,30.0,0.6756756756756757,0.625,5.0,3.0,0.0,1.0,17.0,,,,,,,28.0,8.0,2.0,0.7692307692307693,34.0,32,13,19,39,31,16,6,-56,1
22500625,2026-01-21,2025-26,regular_season,OKC,MIL,1,40.0,0.9057971014492754,0.8947368421052632,7.0,11.0,2.0,7.0,19.0,,,,,,,10.0,7.0,1.0,0.4646840148698885,11.0,32,14,4,51,32,9,5,-69,0
22500641,2026-01-23,2025-26,regular_season,OKC,IND,0,47.0,0.7061298076923077,0.625,12.0,4.0,1.0,4.0,4.0,,,,,,,25.0,13.0,3.0,0.7134703196347032,13.0,23,14,8,-22,22,19,6,-4,1
22500653,2026-01-25,2025-26,regular_season,OKC,TOR,0,24.0,0.7792207792207793,0.7272727272727273,10.0,6.0,2.0,3.0,-3.0,,,,,,,11.0,10.0,0.0,0.5055147058823529,-9.0,21,8,8,0,38,16,9,-7,-17
22500667,2026-01-27,2025-26,regular_season,OKC,NOP,1,29.0,0.5149147727272727,0.36363636363636365,14.0,4.0,3.0,6.0,14.0,,,,,,,20.0,14.0,5.0,0.6527415143603134,4.0,26,10,9,11,30,13,7,-47,-4
22500686,2026-01-29,2025-26,regular_season,OKC,MIN,0,30.0,0.7425742574257426,0.6944444444444444,5.0,8.0,5.0,6.0,-22.0,,,,,,,15.0,5.0,3.0,0.6893382352941176,-5.0,43,16,14,1,33,14,7,-25,10
22500711,2026-02-01,2025-26,regular_season,OKC,DEN,1,34.0,0.7826887661141805,0.71875,13.0,13.0,4.0,5.0,22.0,,,,,,,14.0,4.0,3.0,0.5177514792899408,10.0,26,14,8,-18,45,14,6,7,-19
22500723,2026-02-03,2025-26,regular_season,OKC,ORL,1,20.0,0.42087542087542085,0.38636363636363635,4.0,9.0,3.0,5.0,23.0,,,,,,,16.0,10.0,0.0,0.5813953488372093,21.0,47,31,17,71,31,19,4,-82,16
22500730,2026-02-04,2025-26,regular_season,OKC,SAS,0,,,,,,,,,,,,,,,,,,,,22,13,7,-4,37,27,8,-8,-15
22500748,2026-02-07,2025-26,regular_season,OKC,HOU,0,,,,,,,,,,,,,,,17.0,14.0,0.0,0.628698224852071,5.0,26,17,15,-16,11,7,3,-9,15
22500769,2026-02-09,2025-26,regular_season,OKC,LAL,1,,,,,,,,,23.0,0.506161971830986,0.35294117647058826,1.0,2.0,-10.0,13.0,10.0,2.0,0.5974264705882353,12.0,45,20,11,38,35,11,3,-19,10
22500785,2026-02-11,2025-26,regular_season,OKC,PHX,1,,,,,,,,,28.0,0.9859154929577465,1.0,5.0,1.0,19.0,13.0,4.0,0.0,0.6372549019607844,19.0,85,18,15,85,45,24,7,-22,40
22500789,2026-02-12,2025-26,regular_season,OKC,MIL,0,,,,,,,,,,,,,,,16.0,13.0,2.0,0.5464480874316939,-8.0,35,23,10,-43,33,17,4,13,2
22500808,2026-02-20,2025-26,regular_season,OKC,BKN,1,,,,,,,,,,,,,,,15.0,7.0,0.0,0.8259911894273128,14.0,55,22,8,50,24,12,5,-55,31
22500817,2026-02-22,2025-26,regular_season,OKC,CLE,1,,,,,,,,,,,,,,,17.0,15.0,3.0,0.4732739420935412,17.0,37,13,9,-28,27,14,11,-14,10
22500834,2026-02-24,2025-26,regular_season,OKC,TOR,1,,,,,,,,,,,,,,,7.0,9.0,3.0,0.4146919431279621,-12.0,34,16,9,26,35,10,7,-22,-1
22500842,2026-02-25,2025-26,regular_season,OKC,DET,0,,,,,,,,,,,,,,,,,,,,20,14,7,-2,35,18,3,-21,-15
22500862,2026-02-27,2025-26,regular_season,OKC,DEN,1,36.0,0.5184331797235023,0.41379310344827586,13.0,9.0,1.0,3.0,16.0,,,,,,,15.0,21.0,3.0,0.7048872180451128,6.0,46,21,12,20,13,8,3,-24,33
22500876,2026-03-01,2025-26,regular_season,OKC,DAL,1,30.0,0.6625441696113074,0.625,6.0,5.0,3.0,4.0,13.0,,,,,,,19.0,9.0,2.0,0.6384408602150538,13.0,36,16,3,17,30,32,9,-15,6
22500889,2026-03-03,2025-26,regular_season,OKC,CHI,1,,,,,,,,,,,,,,,12.0,11.0,2.0,0.47468354430379744,10.0,41,20,6,3,37,28,10,18,4
22500893,2026-03-04,2025-26,regular_season,OKC,NYK,1,26.0,0.6813417190775682,0.59375,7.0,8.0,3.0,3.0,6.0,,,,,,,28.0,8.0,0.0,0.7368421052631579,9.0,25,17,6,-13,22,18,5,-2,3
22500920,2026-03-07,2025-26,regular_season,OKC,GSW,1,27.0,0.625,0.43333333333333335,15.0,5.0,4.0,5.0,3.0,,,,,,,,,,,,33,14,8,20,29,20,9,-6,4
22500933,2026-03-09,2025-26,regular_season,OKC,DEN,1,35.0,0.7688927943760984,0.7380952380952381,4.0,15.0,0.0,9.0,2.0,,,,,,,,,,,,22,6,4,16,18,13,3,-24,4
22500959,2026-03-12,2025-26,regular_season,OKC,BOS,1,35.0,0.8131970260223048,0.7777777777777778,8.0,9.0,4.0,6.0,14.0,,,,,,,14.0,9.0,0.0,0.6183745583038869,2.0,30,11,3,-11,24,18,2,25,6
22500976,2026-03-15,2025-26,regular_season,OKC,MIN,1,20.0,0.4132231404958678,0.36363636363636365,5.0,10.0,1.0,3.0,3.0,,,,,,,21.0,9.0,1.0,0.7564841498559077,23.0,43,19,5,30,16,13,4,-20,27
22500992,2026-03-17,2025-26,regular_season,OKC,ORL,1,40.0,0.628140703517588,0.5740740740740741,11.0,2.0,3.0,5.0,-4.0,,,,,,,20.0,12.0,1.0,0.617283950617284,10.0,26,24,11,1,22,12,5,-58,4
22501000,2026-03-18,2025-26,regular_season,OKC,BKN,1,20.0,0.8928571428571429,0.8888888888888888,5.0,6.0,0.0,3.0,27.0,,,,,,,11.0,2.0,1.0,0.5777310924369748,18.0,39,26,8,48,47,19,5,-63,-8
22501022,2026-03-21,2025-26,regular_season,OKC,WAS,1,40.0,0.6553079947575361,0.6481481481481481,8.0,7.0,3.0,3.0,11.0,,,,,,,18.0,10.0,2.0,0.7731958762886597,24.0,38,15,11,32,36,16,13,-63,2
22501040,2026-03-23,2025-26,regular_season,OKC,PHI,1,22.0,0.7681564245810055,0.7307692307692307,3.0,5.0,5.0,5.0,13.0,18.0,0.6048387096774194,0.6071428571428571,6.0,3.0,9.0,17.0,9.0,5.0,0.7154882154882154,10.0,56,20,14,59,34,24,12,-25,22
22501054,2026-03-25,2025-26,regular_season,OKC,BOS,0,33.0,0.954861111111111,0.9583333333333334,12.0,8.0,2.0,2.0,1.0,7.0,0.3252788104089219,0.2222222222222222,3.0,0.0,-5.0,10.0,5.0,0.0,0.5707762557077626,-5.0,44,18,4,-43,30,14,1,21,14
22501070,2026-03-27,2025-26,regular_season,OKC,CHI,1,25.0,0.42691256830601093,0.3333333333333333,12.0,5.0,1.0,2.0,10.0,18.0,0.5067567567567567,0.5,8.0,2.0,12.0,,,,,,46,26,6,20,36,17,11,-45,10
22501089,2026-03-29,2025-26,regular_season,OKC,NYK,1,30.0,0.5990415335463259,0.4722222222222222,16.0,4.0,4.0,3.0,13.0,22.0,0.78125,0.6818181818181818,2.0,2.0,-3.0,16.0,9.0,0.0,0.6116207951070336,16.0,25,11,11,10,13,11,5,12,12
22501097,2026-03-30,2025-26,regular_season,OKC,DET,1,47.0,0.7833333333333333,0.6842105263157895,25.0,3.0,4.0,5.0,8.0,,,,,,,13.0,9.0,2.0,0.5909090909090909,1.0,34,12,4,-17,28,17,13,3,6
22501116,2026-04-02,2025-26,regular_season,OKC,LAL,1,28.0,0.5319148936170213,0.5,3.0,7.0,1.0,7.0,35.0,10.0,0.45955882352941174,0.4,8.0,2.0,31.0,7.0,4.0,1.0,0.5,13.0,72,23,12,73,43,12,5,-87,29
22501139,2026-04-05,2025-26,regular_season,OKC,UTA,1,20.0,0.819672131147541,0.8,5.0,7.0,3.0,4.0,26.0,15.0,0.6970260223048327,0.6111111111111112,7.0,1.0,31.0,21.0,7.0,4.0,0.8838383838383838,30.0,61,24,22,44,26,8,8,-45,35
22501155,2026-04-07,2025-26,regular_season,OKC,LAL,1,25.0,0.7659313725490196,0.7333333333333333,3.0,8.0,3.0,1.0,32.0,,,,,,,15.0,10.0,2.0,0.6625441696113074,30.0,61,29,13,56,44,23,12,-56,17
22501163,2026-04-08,2025-26,regular_season,OKC,LAC,1,20.0,0.573394495412844,0.5882352941176471,1.0,11.0,3.0,1.0,10.0,18.0,0.6540697674418605,0.5833333333333334,6.0,3.0,13.0,30.0,14.0,4.0,0.8620689655172414,19.0,32,20,3,24,44,13,8,-11,-12
22501182,2026-04-10,2025-26,regular_season,OKC,DEN,0,,,,,,,,,,,,,,,,,,,,33,7,6,-14,46,15,8,45,-13
22501196,2026-04-12,2025-26,regular_season,OKC,PHX,0,,,,,,,,,,,,,,,,,,,,20,7,4,-79,44,20,13,60,-24
42500141,2026-04-19,2025-26,playoffs,OKC,PHX,1,25.0,0.49058084772370486,0.2777777777777778,17.0,7.0,0.0,4.0,24.0,22.0,0.6926952141057934,0.6666666666666666,6.0,1.0,22.0,16.0,7.0,2.0,0.6802721088435374,12.0,39,29,11,87,26,13,7,-80,13
42500142,2026-04-22,2025-26,playoffs,OKC,PHX,1,37.0,0.6388121546961326,0.56,9.0,9.0,3.0,5.0,16.0,19.0,0.7196969696969697,0.7272727272727273,4.0,1.0,17.0,19.0,8.0,4.0,0.7132132132132132,6.0,22,20,6,5,11,9,6,-3,11
42500143,2026-04-25,2025-26,playoffs,OKC,PHX,1,42.0,0.902061855670103,0.8611111111111112,12.0,8.0,3.0,4.0,10.0,,,,,,,10.0,7.0,2.0,0.8333333333333334,-5.0,39,19,6,31,12,10,2,-40,27
42500144,2026-04-27,2025-26,playoffs,OKC,PHX,1,31.0,0.7097069597069597,0.6470588235294118,11.0,8.0,3.0,2.0,-7.0,,,,,,,24.0,12.0,0.0,0.6756756756756757,21.0,35,8,8,-14,24,13,5,13,11
42500221,2026-05-05,2025-26,playoffs,OKC,LAL,1,18.0,0.5514705882352942,0.5333333333333333,3.0,6.0,7.0,2.0,9.0,,,,,,,24.0,12.0,3.0,0.6396588486140724,10.0,34,16,10,50,18,21,4,-29,16
42500222,2026-05-07,2025-26,playoffs,OKC,LAL,1,22.0,0.6485849056603773,0.5769230769230769,9.0,2.0,3.0,2.0,5.0,,,,,,,22.0,9.0,2.0,0.78125,19.0,39,7,10,30,20,8,5,-40,19
42500223,2026-05-09,2025-26,playoffs,OKC,LAL,1,23.0,0.4982668977469671,0.425,7.0,9.0,2.0,4.0,24.0,,,,,,,18.0,9.0,1.0,0.6428571428571429,18.0,38,16,7,20,23,18,5,-9,15
42500224,2026-05-11,2025-26,playoffs,OKC,LAL,1,35.0,0.6118881118881119,0.5227272727272727,15.0,8.0,3.0,1.0,-7.0,,,,,,,16.0,9.0,0.0,0.7434944237918216,1.0,25,9,2,-15,11,6,3,-4,14
42500311,2026-05-18,2025-26,playoffs,OKC,SAS,0,24.0,0.44510385756676557,0.34782608695652173,9.0,12.0,4.0,3.0,-15.0,26.0,0.4939209726443769,0.46,3.0,2.0,-3.0,8.0,8.0,2.0,0.5076142131979695,-7.0,22,16,4,-17,16,5,2,-5,6
42500312,2026-05-20,2025-26,playoffs,OKC,SAS,1,30.0,0.5630630630630631,0.5,6.0,9.0,1.0,4.0,14.0,4.0,0.5,0.5,0.0,0.0,2.0,13.0,4.0,0.0,0.5527210884353742,6.0,47,14,15,3,27,9,4,-25,20
42500313,2026-05-22,2025-26,playoffs,OKC,SAS,1,26.0,0.5834829443447037,0.4117647058823529,12.0,12.0,2.0,2.0,11.0,,,,,,,14.0,3.0,0.0,0.7990867579908676,-2.0,33,24,10,2,23,9,6,-62,10
42500314,2026-05-24,2025-26,playoffs,OKC,SAS,0,19.0,0.5254424778761062,0.4,7.0,7.0,4.0,4.0,-18.0,,,,,,,10.0,9.0,1.0,0.4699248120300752,2.0,36,24,9,-61,30,21,4,27,6
42500315,2026-05-26,2025-26,playoffs,OKC,SAS,1,32.0,0.6042296072507553,0.42105263157894735,17.0,9.0,6.0,2.0,8.0,,,,,,,16.0,11.0,1.0,0.7434944237918216,-1.0,40,13,7,4,33,14,5,-16,7
42500316,2026-05-28,2025-26,playoffs,OKC,SAS,0,15.0,0.38819875776397517,0.3333333333333333,3.0,4.0,2.0,1.0,-28.0,1.0,0.26595744680851063,0.0,1.0,2.0,-18.0,10.0,11.0,2.0,0.563063063063063,-9.0,44,18,9,-74,46,25,8,50,-2
42500317,2026-05-30,2025-26,playoffs,OKC,SAS,0,35.0,0.6772445820433437,0.6190476190476191,11.0,9.0,3.0,4.0,-7.0,,,,,,,4.0,4.0,2.0,0.5319148936170213,-3.0,24,8,2,-32,27,15,4,13,-3
