combo,combo_size,games_together,total_combined_minutes,combined_points_per_36,combined_fg3a_per_36,combined_fg3_pct,combined_rebounds_per_36,combined_assists_per_turnover,average_plus_minus,combined_turnovers_per_36,combined_efg_pct,okc_bench_survival_score,sas_spacing_rebounding_score
Karl-Anthony Towns / Mohamed Diawara,2,32,1370.0,22.02043795620438,5.649635036496351,0.4232558139534884,11.588321167883212,1.5208333333333333,9.78125,2.5226277372262773,0.6088929219600726,0.3935592009658767,0.7183164103017344
Miles McBride / Mohamed Diawara,2,10,337.0,20.83086053412463,9.186943620178042,0.5,5.234421364985163,7.6,17.2,0.5341246290801187,0.6729323308270677,0.7362670041281022,0.7135022220635665
Jericho Sims / Karl-Anthony Towns,2,21,998.0,20.77755511022044,4.040080160320641,0.4732142857142857,13.490981963927856,1.2615384615384615,9.619047619047619,2.344689378757515,0.61328125,0.3761208406969736,0.692812456080326
Jericho Sims / Karl-Anthony Towns / Miles McBride,3,17,1233.0,18.861313868613138,5.109489051094891,0.4685714285714286,10.18978102189781,1.472972972972973,15.117647058823529,2.1605839416058394,0.6013215859030837,0.44594938836540277,0.6906675719350834
Cameron Payne / Jericho Sims / Karl-Anthony Towns,3,17,1106.0,19.301989150090417,5.045207956600362,0.45806451612903226,10.904159132007234,2.283333333333333,16.176470588235293,1.952983725135624,0.6070559610705596,0.48904626569847115,0.6884746305858305
Karl-Anthony Towns / Mohamed Diawara / OG Anunoby,3,26,1946.0,20.46043165467626,6.123329907502569,0.4078549848942598,9.157245632065775,1.4956521739130435,20.53846153846154,2.1274409044193217,0.6087248322147651,0.49230856597828887,0.6871935910351281
Ariel Hukporti / Karl-Anthony Towns / Miles McBride,3,22,1466.0,18.78581173260573,5.2551159618008185,0.4672897196261682,9.356070941336972,1.6585365853658536,15.090909090909092,2.0136425648021827,0.6158301158301158,0.47055209365453565,0.6859540444576325
Ariel Hukporti / Karl-Anthony Towns / Mohamed Diawara,3,13,688.0,19.726744186046513,3.9767441860465116,0.5394736842105263,11.720930232558139,1.8444444444444446,15.538461538461538,2.354651162790698,0.6866666666666666,0.45634297315141015,0.6823203378165663
Karl-Anthony Towns / Landry Shamet / Mohamed Diawara,3,24,1593.0,18.757062146892654,6.508474576271187,0.3958333333333333,8.384180790960452,1.7444444444444445,21.75,2.0338983050847457,0.6013745704467354,0.5104543510500933,0.6807858139709536
Cameron Payne / Karl-Anthony Towns,2,65,3286.0,22.524650030432138,5.970785149117468,0.3981651376146789,10.111990261716372,1.9362745098039216,8.261538461538462,2.2349360925136943,0.5638368983957219,0.38447610896319884,0.6787908370559808
Ariel Hukporti / Karl-Anthony Towns / Landry Shamet,3,22,1408.0,18.460227272727273,5.215909090909091,0.4166666666666667,10.201704545454545,1.449438202247191,17.90909090909091,2.2755681818181817,0.6115618661257607,0.4651528908235243,0.67517183009838
Karl-Anthony Towns / Mitchell Robinson / Mohamed Diawara,3,27,1617.0,18.857142857142858,4.1187384044526905,0.40540540540540543,12.623376623376624,1.3786407766990292,18.037037037037038,2.293135435992579,0.6204710144927537,0.46840505984664993,0.6729242249269715
Jose Alvarado / Karl-Anthony Towns / Mohamed Diawara,3,20,1158.0,19.865284974093264,5.72020725388601,0.391304347826087,9.823834196891191,1.9404761904761905,18.75,2.61139896373057,0.6103603603603603,0.46430864531355126,0.6721667642997804
Ariel Hukporti / Landry Shamet / Miles McBride,3,12,610.0,16.229508196721312,7.081967213114754,0.5083333333333333,5.547540983606558,2.1904761904761907,15.833333333333334,1.2393442622950819,0.6785714285714286,0.5224182928200288,0.670267191049139
Jalen Brunson / Karl-Anthony Towns / Mohamed Diawara,3,30,2331.0,23.861003861003862,6.409266409266409,0.41204819277108434,7.876447876447877,2.3398692810457518,21.1,2.362934362934363,0.5839517625231911,0.4965616812246292,0.6695403187187624
Jose Alvarado / Karl-Anthony Towns,2,31,1401.0,20.839400428265524,5.113490364025696,0.3969849246231156,10.689507494646682,2.0654205607476634,14.387096774193548,2.7494646680942183,0.6058718861209964,0.43084850567681465,0.6690485538217541
Ariel Hukporti / Miles McBride / Mitchell Robinson,3,10,490.0,15.648979591836735,4.040816326530612,0.5454545454545454,10.579591836734695,1.5555555555555556,36.0,1.3224489795918368,0.7380952380952381,0.6662636788529618,0.6647338906797984
Jalen Brunson / Jericho Sims / Karl-Anthony Towns,3,21,1713.0,23.117338003502628,5.085814360770578,0.45867768595041325,9.099824868651488,2.0683760683760686,17.285714285714285,2.458844133099825,0.5958445040214477,0.4618803065712024,0.6644366703278928
Karl-Anthony Towns / Landry Shamet,2,96,5012.0,20.07581803671189,5.767757382282522,0.39975093399750933,9.27294493216281,1.3555555555555556,10.760416666666666,2.2625698324022347,0.5774612693653174,0.388895060072432,0.661456794006242
Jose Alvarado / Karl-Anthony Towns / Mitchell Robinson,3,25,1528.0,18.589005235602095,3.675392670157068,0.4230769230769231,11.992146596858639,1.881188118811881,22.24,2.3795811518324608,0.6306818181818182,0.5182137968234972,0.6559758581488239
Karl-Anthony Towns / Miles McBride,2,126,7253.0,19.556045774162417,6.005790707293534,0.39917355371900826,8.780366744795257,1.7181372549019607,9.365079365079366,2.025093064938646,0.5546662125340599,0.39062933779255327,0.6542603522394433
Ariel Hukporti / Karl-Anthony Towns,2,34,1466.0,19.25238744884038,3.3151432469304227,0.4222222222222222,13.334242837653479,1.236842105263158,8.852941176470589,2.799454297407913,0.5952380952380952,0.3516308609716138,0.6533781461217409
Jericho Sims / Karl-Anthony Towns / OG Anunoby,3,21,1751.0,19.03826384922901,4.872644203312393,0.42616033755274263,9.827527127355797,1.4545454545454546,18.428571428571427,1.8092518560822388,0.5907012195121951,0.4822882173337083,0.6526564314862724
Landry Shamet / Mohamed Diawara / OG Anunoby,3,22,1516.0,17.1688654353562,7.598944591029023,0.390625,4.74934036939314,1.626865671641791,24.045454545454547,1.5910290237467017,0.5852059925093633,0.5376171891546428,0.6517725421083919
Jose Alvarado / Karl-Anthony Towns / OG Anunoby,3,26,2046.0,19.35483870967742,5.577712609970675,0.3943217665615142,8.586510263929618,1.9090909090909092,21.23076923076923,2.129032258064516,0.6108923884514436,0.513439306300082,0.6507158885230743
Josh Hart / Karl-Anthony Towns / Mohamed Diawara,3,26,1862.0,18.367346938775512,4.6788399570354455,0.40082644628099173,10.672395273899033,1.8515625,19.653846153846153,2.4747583243823845,0.595952023988006,0.47015966111188323,0.6503321855213846
Jordan Clarkson / Karl-Anthony Towns / Miles McBride,3,46,3377.0,19.263251406573882,6.5667752442996745,0.38961038961038963,7.536867041753036,1.755,16.76086956521739,2.132069884512881,0.5527488855869243,0.43730381463073276,0.6493360627684971
Jose Alvarado / Josh Hart / Karl-Anthony Towns,3,29,2186.0,18.2964318389753,4.940530649588289,0.39666666666666667,10.111619396157366,2.2751677852348995,21.103448275862068,2.453796889295517,0.5973618090452262,0.49787132012250324,0.6492704187587224
Mohamed Diawara / OG Anunoby,2,29,1357.0,18.013264554163595,7.083271923360353,0.39325842696629215,5.7302873986735445,1.4285714285714286,14.206896551724139,1.8570375829034635,0.5819838056680162,0.4426563450434048,0.649057350973667
Jordan Clarkson / Landry Shamet / Miles McBride,3,27,1505.0,16.648504983388705,7.702325581395349,0.4161490683229814,3.7554817275747507,2.185185185185185,14.296296296296296,1.2916943521594684,0.5792452830188679,0.5014440296887848,0.6478339037152087
Karl-Anthony Towns / Landry Shamet / OG Anunoby,3,84,7216.0,19.536585365853657,5.926829268292683,0.4048821548821549,7.797671840354767,1.3717948717948718,17.107142857142858,1.9456762749445675,0.5858928571428571,0.4587798949696673,0.6468945907407448
Karl-Anthony Towns / Landry Shamet / Miles McBride,3,58,4254.0,18.473906911142453,6.423131170662906,0.4031620553359684,7.2863187588152325,1.8053097345132743,12.53448275862069,1.9125528913963328,0.5562273276904474,0.4239603952278158,0.6465967731531721
Jordan Clarkson / Karl-Anthony Towns / Mohamed Diawara,3,23,1387.0,20.868060562364818,5.450612833453497,0.4095238095238095,8.772891131939438,1.696629213483146,13.565217391304348,2.310021629416006,0.5824175824175825,0.4217029595581633,0.6464235040304176
Ariel Hukporti / Landry Shamet / OG Anunoby,3,20,1311.0,16.25629290617849,6.315789473684211,0.40869565217391307,6.453089244851259,1.3666666666666667,19.4,1.6475972540045767,0.6004728132387707,0.5019209632688365,0.6449781580518816
Jose Alvarado / Karl-Anthony Towns / Landry Shamet,3,25,1720.0,18.355813953488372,6.027906976744186,0.3819444444444444,7.660465116279069,2.019047619047619,24.0,2.197674418604651,0.604133545310016,0.5287093288012028,0.6441896962485628
Mitchell Robinson / Mohamed Diawara / OG Anunoby,3,24,1567.0,16.403318442884494,4.939374601148692,0.4046511627906977,8.661135928525846,1.4929577464788732,22.75,1.6311423101467772,0.634020618556701,0.5535516516033269,0.6395517380679379
Jose Alvarado / Karl-Anthony Towns / Miles McBride,3,10,579.0,18.21761658031088,6.27979274611399,0.45544554455445546,8.518134715025907,2.1315789473684212,24.8,2.3626943005181347,0.6009389671361502,0.46467438373025943,0.6386883894878299
Cameron Payne / Karl-Anthony Towns / Miles McBride,3,53,3905.0,19.415108834827144,6.296542893725992,0.3821376281112738,7.882202304737516,2.207070707070707,9.88679245283019,1.8253521126760563,0.5432136335970785,0.4159140124337588,0.6384024400619192
Ariel Hukporti / Mitchell Robinson / OG Anunoby,3,10,601.0,17.071547420965057,2.6955074875207985,0.5555555555555556,11.381031613976706,1.0666666666666667,35.9,1.7970049916805324,0.7242424242424242,0.6223931240243757,0.6376338778132953
Jordan Clarkson / Karl-Anthony Towns / Landry Shamet,3,40,2726.0,19.597945707997066,5.995597945707997,0.381057268722467,8.042553191489361,1.5662650602409638,17.5,2.1922230374174614,0.5671712393566698,0.44186738090070854,0.6369893010238369
Karl-Anthony Towns / OG Anunoby,2,157,10670.0,20.297656982193065,5.371321462043111,0.3907035175879397,9.055670103092783,1.288709677419355,10.363057324840764,2.091846298031865,0.5719953325554259,0.3899425456271878,0.636427734710163
Jordan Clarkson / Miles McBride / Mohamed Diawara,3,10,482.0,18.970954356846473,8.066390041493776,0.4444444444444444,5.452282157676349,3.533333333333333,27.7,1.120331950207469,0.5894736842105263,0.5904989205545876,0.6358863915407628
Landry Shamet / Mitchell Robinson / OG Anunoby,3,57,4166.0,16.43590974555929,5.098415746519443,0.4423728813559322,6.990878540566491,1.5064102564102564,14.666666666666666,1.3480556889102255,0.6394899536321483,0.5163417747644898,0.635175473822904
Karl-Anthony Towns / Landry Shamet / Mitchell Robinson,3,59,4117.0,17.094972067039105,4.240952149623512,0.41030927835051545,10.344425552586834,1.4318181818181819,15.661016949152541,1.9237308719941706,0.6042128603104213,0.4640090046208216,0.6345933554742352
Cameron Payne / Jalen Brunson / Karl-Anthony Towns,3,53,4488.0,24.232620320855617,6.208556149732621,0.3888888888888889,7.387700534759358,2.393220338983051,10.830188679245284,2.3663101604278074,0.5583371612310519,0.40796480239094957,0.6343650125222812
Cameron Payne / Karl-Anthony Towns / OG Anunoby,3,58,5050.0,20.11009900990099,5.938217821782178,0.39135654261704683,7.7916831683168315,1.8565737051792828,12.96551724137931,1.7893069306930693,0.5643469971401335,0.4414063590624625,0.6340471525804466
Jericho Sims / Karl-Anthony Towns / Mikal Bridges,3,21,1795.0,18.57158774373259,5.154317548746518,0.3968871595330739,8.944846796657382,1.51,18.61904761904762,2.0055710306406684,0.5861070911722142,0.47120784085559875,0.6335135808387992
Ariel Hukporti / Karl-Anthony Towns / Mitchell Robinson,3,10,534.0,18.674157303370787,2.292134831460674,0.5588235294117647,13.280898876404494,1.1777777777777778,33.4,3.033707865168539,0.6697530864197531,0.4939956204018329,0.6319638238442155
Jalen Brunson / Jose Alvarado / Karl-Anthony Towns,3,29,2297.0,22.772311710927298,5.7205050065302565,0.40273972602739727,7.569873748367436,2.4397590361445785,21.724137931034484,2.6016543317370484,0.5784688995215311,0.4871257193384372,0.6314927931373587
Jericho Sims / Josh Hart / Karl-Anthony Towns,3,20,1686.0,17.295373665480426,3.6298932384341636,0.4176470588235294,10.97508896797153,2.043010752688172,14.45,1.9857651245551602,0.6215970961887477,0.48521303050332254,0.6309771049458657
Landry Shamet / OG Anunoby,2,90,4858.0,17.5109098394401,6.913956360642239,0.40728831725616294,4.446274186908193,1.4947368421052631,10.422222222222222,1.407986825854261,0.5955839628123184,0.4530560944112634,0.6308027288270914
Ariel Hukporti / Jose Alvarado / Karl-Anthony Towns,3,10,578.0,21.114186851211073,4.671280276816609,0.4266666666666667,11.211072664359861,1.9130434782608696,20.1,2.865051903114187,0.6604651162790698,0.43342712748759904,0.6301842340393831
Josh Hart / Mohamed Diawara / OG Anunoby,3,21,1531.0,16.27171783148269,5.760940561724363,0.4,6.889614630960157,1.853658536585366,26.428571428571427,1.9281515349444807,0.6067864271457086,0.5575121085795192,0.6293058281131391
Josh Hart / Karl-Anthony Towns / Landry Shamet,3,88,7432.0,17.559203444564048,5.047362755651238,0.3877159309021113,9.363293864370291,1.8577586206896552,15.943181818181818,2.247578040904198,0.5736961451247166,0.44232101233711807,0.6284777012382996
Landry Shamet / Miles McBride,2,62,2548.0,14.665620094191523,7.643642072213501,0.41404805914972276,3.2354788069073783,3.0136986301369864,7.354838709677419,1.031397174254317,0.5559481743227326,0.48128201256109393,0.627806062331283
Josh Hart / Landry Shamet / Mohamed Diawara,3,22,1425.0,14.602105263157895,6.467368421052631,0.3828125,6.24,2.421875,21.318181818181817,1.6168421052631579,0.5739130434782609,0.5377029680025776,0.6267533931806805
Ariel Hukporti / Josh Hart / Karl-Anthony Towns,3,28,2068.0,16.74661508704062,3.2901353965183753,0.41798941798941797,12.220502901353965,1.7671232876712328,21.428571428571427,2.541586073500967,0.5813432835820895,0.4662546045251287,0.6264250032080543
Karl-Anthony Towns / Mikal Bridges / Mohamed Diawara,3,32,2377.0,18.885990744636096,5.346234749684476,0.38526912181303113,8.43584350021035,2.0873015873015874,16.3125,1.908287757677745,0.5835189309576837,0.47938840410401595,0.6259925023297066
Landry Shamet / Mitchell Robinson / Mohamed Diawara,3,23,1264.0,13.784810126582279,5.496835443037975,0.37823834196891193,7.917721518987341,1.8444444444444446,16.82608695652174,1.2816455696202531,0.6024930747922438,0.5232575062997227,0.6259008989782499
Jordan Clarkson / Miles McBride / OG Anunoby,3,38,2758.0,17.556200145032633,7.153009427121102,0.38503649635036497,4.894851341551849,1.6229508196721312,16.736842105263158,1.5924583031182016,0.5567853705486044,0.4663707785113672,0.6251206882337529
Jalen Brunson / Karl-Anthony Towns,2,156,10692.0,25.087542087542086,5.7407407407407405,0.3835777126099707,8.070707070707071,2.0516795865633073,10.60897435897436,2.606060606060606,0.5554928517682468,0.37833022877643885,0.6248623962271727
Josh Hart / Karl-Anthony Towns,2,163,10956.0,18.45673603504929,4.163198247535597,0.3851617995264404,11.04381161007667,1.8620218579234973,9.760736196319018,2.4052573932092005,0.574974924774323,0.39001243092670745,0.6228876302107408
Jose Alvarado / Mitchell Robinson / OG Anunoby,3,23,1511.0,16.296492389146263,4.550628722700199,0.41361256544502617,8.100595632031768,2.072463768115942,20.130434782608695,1.643944407677035,0.6459694989106753,0.5628143444995936,0.6226360220991976
Jordan Clarkson / Landry Shamet / OG Anunoby,3,34,2355.0,17.763057324840766,6.588535031847134,0.4060324825986079,4.830573248407643,1.4803921568627452,19.61764705882353,1.559235668789809,0.5898809523809524,0.5056715270803747,0.6224612913356499
Jose Alvarado / Josh Hart / Mitchell Robinson,3,24,1471.0,15.540448674371175,4.282800815771584,0.4,9.642420122365738,2.6233766233766236,22.208333333333332,1.884432358939497,0.6130434782608696,0.5616805522731034,0.6222426721454168
Jalen Brunson / Mohamed Diawara / OG Anunoby,3,28,2290.0,21.505676855895196,7.02707423580786,0.39373601789709173,4.637554585152839,2.3,24.321428571428573,2.0436681222707422,0.5632411067193676,0.5229498888521892,0.6217648775572021
Landry Shamet / Mohamed Diawara,2,27,1025.0,14.294634146341464,8.183414634146342,0.37339055793991416,3.7580487804878047,2.235294117647059,10.407407407407407,1.1941463414634146,0.5537313432835821,0.44673069908663887,0.6214547700216354
Landry Shamet / Mitchell Robinson,2,65,2538.0,12.936170212765957,4.0,0.4397163120567376,8.354609929078014,1.5875,6.615384615384615,1.1347517730496455,0.6565495207667732,0.4854149104217861,0.6209141151349177
Ariel Hukporti / Josh Hart / Landry Shamet,3,21,1317.0,13.175398633257403,4.920273348519363,0.4222222222222222,7.87243735763098,2.316666666666667,19.142857142857142,1.6400911161731206,0.5971428571428572,0.5324205413743117,0.6206609615008131
Karl-Anthony Towns / Miles McBride / OG Anunoby,3,108,9956.0,18.26396143029329,5.912012856568903,0.38470948012232414,7.481317798312575,1.5856031128404668,12.907407407407407,1.8585777420650864,0.5511140235910879,0.4184822188006869,0.6202452254557032
Jalen Brunson / Karl-Anthony Towns / Miles McBride,3,114,10497.0,22.295513003715346,6.200628751071735,0.39048672566371684,6.711631894827094,2.1389312977099237,15.421052631578947,2.246356101743355,0.5501882057716436,0.4331910701515136,0.6202437997785721
Jordan Clarkson / Miles McBride,2,50,2090.0,16.363636363636363,7.837320574162679,0.3802197802197802,3.6516746411483254,2.0864197530864197,9.82,1.3952153110047847,0.5336239103362391,0.42971082121620685,0.6200734602808735
Jose Alvarado / Josh Hart / OG Anunoby,3,25,1944.0,15.796296296296296,5.888888888888889,0.3836477987421384,6.944444444444445,2.6451612903225805,20.56,1.7222222222222223,0.578125,0.5369786476966156,0.6184213783701421
Jalen Brunson / Landry Shamet / Mohamed Diawara,3,26,1901.0,19.39189900052604,7.726459758022093,0.375,3.692793266701736,2.888888888888889,20.884615384615383,1.7043661230931089,0.542027194066749,0.5251813186179827,0.6169418935486232
Ariel Hukporti / Landry Shamet / Mitchell Robinson,3,10,492.0,15.146341463414634,3.3658536585365852,0.5217391304347826,9.951219512195122,1.411764705882353,28.2,1.2439024390243902,0.7355371900826446,0.6084504071914175,0.6163131748581686
Karl-Anthony Towns / Precious Achiuwa,2,44,2465.0,20.373225152129816,3.475862068965517,0.39915966386554624,11.829614604462474,1.1575757575757575,5.363636363636363,2.40973630831643,0.5740556660039762,0.3324458735776818,0.6159487062782021
Jose Alvarado / OG Anunoby,2,28,1350.0,16.826666666666668,6.533333333333333,0.3795918367346939,5.36,2.4516129032258065,14.821428571428571,1.6533333333333333,0.5829741379310345,0.4962478553377011,0.6154704197106705
Karl-Anthony Towns / Miles McBride / Mitchell Robinson,3,69,5134.0,16.35216205687573,4.515777171795871,0.39596273291925466,9.816906895208415,1.5192307692307692,13.333333333333334,1.823139851967277,0.5607558139534884,0.4275819811269702,0.6152113777702269
Jalen Brunson / Karl-Anthony Towns / Landry Shamet,3,75,6489.0,22.0748959778086,5.986130374479889,0.38461538461538464,6.923717059639389,2.0210280373831777,17.773333333333333,2.3744798890429957,0.5567947838023336,0.44270143913796056,0.6151997131001902
Jordan Clarkson / Jose Alvarado / Karl-Anthony Towns,3,20,1212.0,20.792079207920793,4.603960396039604,0.4,8.881188118811881,2.0,23.45,2.702970297029703,0.5938144329896907,0.4879485523401562,0.6150066451082713
Landry Shamet / Miles McBride / OG Anunoby,3,52,3820.0,16.020942408376964,6.841884816753927,0.4049586776859504,4.382198952879581,2.0206896551724136,13.096153846153847,1.3664921465968587,0.5612708018154312,0.4707248293023579,0.6144849050909051
Cameron Payne / Karl-Anthony Towns / Landry Shamet,3,28,1934.0,19.89865563598759,5.8076525336091,0.3717948717948718,7.650465356773527,1.7,9.392857142857142,2.233712512926577,0.5543345543345544,0.37785357693671684,0.6144478214628986
Landry Shamet / Miles McBride / Mitchell Robinson,3,41,2425.0,13.687422680412372,5.166185567010309,0.4367816091954023,6.517113402061856,2.267605633802817,13.512195121951219,1.054020618556701,0.6002865329512894,0.5265236822435043,0.6140317583158075
Ariel Hukporti / Miles McBride,2,28,1072.0,14.507462686567164,5.406716417910448,0.4409937888198758,6.145522388059701,1.7333333333333334,5.714285714285714,1.5111940298507462,0.6245901639344262,0.4284123348586693,0.6139851221673238
Josh Hart / Karl-Anthony Towns / Miles McBride,3,114,10454.0,17.035775779605892,5.000191314329443,0.3877410468319559,8.919074038645494,2.059322033898305,14.394736842105264,2.031758178687584,0.5577079382281225,0.4404316379982125,0.6135932758950288
Jalen Brunson / Karl-Anthony Towns / OG Anunoby,3,136,14127.0,22.119345933319178,5.833085580802718,0.3853211009174312,7.084306646846464,1.865909090909091,15.691176470588236,2.242514334253557,0.560204407537528,0.4321738781263883,0.6135209704632989
Cameron Payne / Josh Hart / Karl-Anthony Towns,3,61,5344.0,18.33008982035928,4.688622754491018,0.3807471264367816,9.586077844311378,2.289389067524116,12.295081967213115,2.095059880239521,0.5674523570712137,0.43647334622711964,0.6132832502711314
Ariel Hukporti / Karl-Anthony Towns / Mikal Bridges,3,34,2593.0,18.603933667566526,4.29001156961049,0.39805825242718446,9.329733898958734,1.7615894039735098,15.0,2.096413420748168,0.6032838983050848,0.4604929093970145,0.6129506054043478
Josh Hart / Karl-Anthony Towns / OG Anunoby,3,142,14531.0,17.926914871653707,4.81370862294405,0.386515697375193,8.988232055605257,1.7685749086479903,14.661971830985916,2.033996283807033,0.5752626552053486,0.44339632712112975,0.6128373080700077
Jalen Brunson / Mohamed Diawara,2,34,1687.0,22.641375222288087,7.383521043272081,0.3786127167630058,4.097213989330172,2.9690721649484537,11.147058823529411,2.069946650859514,0.5412121212121213,0.4367564886240607,0.6120697254540668
Karl-Anthony Towns / Mitchell Robinson / OG Anunoby,3,88,7568.0,17.804968287526428,4.119450317124736,0.3972286374133949,9.94661733615222,1.2014925373134329,11.75,1.912262156448203,0.5884181888845705,0.4180113161424305,0.611840305651648
Josh Hart / Landry Shamet / OG Anunoby,3,83,7098.0,15.935756551141166,5.802197802197802,0.3942307692307692,6.30938292476754,2.0787878787878786,14.036144578313253,1.6737109044801353,0.5863031343924431,0.4782760104979856,0.6113892294911325
Jordan Clarkson / Karl-Anthony Towns / OG Anunoby,3,55,4515.0,19.614617940199334,5.390033222591362,0.371301775147929,8.24451827242525,1.3523131672597866,15.309090909090909,2.240531561461794,0.5630760368663594,0.41302266814875155,0.6113258541075866
Ariel Hukporti / Jalen Brunson / Karl-Anthony Towns,3,31,2370.0,22.49620253164557,5.118987341772152,0.37388724035608306,8.749367088607595,1.9625,18.096774193548388,2.430379746835443,0.5640535372848948,0.44447374555051566,0.611132298040316
Jose Alvarado / Josh Hart / Landry Shamet,3,24,1636.0,14.787286063569683,6.359413202933985,0.3633217993079585,6.139364303178484,2.8048780487804876,23.416666666666668,1.80440097799511,0.5710227272727273,0.5536468874116466,0.6111305014834706
Cameron Payne / Karl-Anthony Towns / Precious Achiuwa,3,35,2539.0,19.580937376920048,4.508861756597086,0.3836477987421384,9.98188263095707,1.7450980392156863,7.828571428571428,2.169358014966522,0.5558766859344894,0.37305391691927803,0.6107055880272116
Ariel Hukporti / Miles McBride / OG Anunoby,3,20,1352.0,16.48224852071006,5.618343195266272,0.3981042654028436,6.443786982248521,1.3611111111111112,14.0,1.9171597633136095,0.5923423423423423,0.44212739110890353,0.6103455137583018
Jalen Brunson / Jordan Clarkson / Karl-Anthony Towns,3,63,5277.0,24.061398521887437,6.0102330869812395,0.3688989784335982,6.999431495167709,1.9410187667560321,17.952380952380953,2.5446276293348493,0.5540912667191188,0.42944641338769196,0.6095330433688471
Jordan Clarkson / Karl-Anthony Towns,2,71,3482.0,21.277426766226306,5.055715106260769,0.3496932515337423,9.697874784606547,1.3849206349206349,9.126760563380282,2.605399195864446,0.5479591836734694,0.3388558123177603,0.6091255419839753
Cameron Payne / Jalen Brunson / Jericho Sims,3,20,1324.0,19.876132930513595,5.628398791540786,0.45410628019323673,5.057401812688822,3.0,11.5,2.066465256797583,0.5820610687022901,0.46763772879796095,0.608124142873405
Cameron Payne / Karl-Anthony Towns / Mikal Bridges,3,65,5687.0,20.10480042201512,5.602250747318446,0.38192090395480227,7.248109723931774,1.9968253968253968,12.23076923076923,1.994021452435379,0.5666251556662516,0.4308249005077559,0.608042604092013
Jose Alvarado / Mohamed Diawara / OG Anunoby,3,18,1068.0,16.584269662921347,6.977528089887641,0.3671497584541063,5.056179775280899,2.0689655172413794,18.5,1.9550561797752808,0.5780821917808219,0.47484186343613194,0.6069892959915723
Jose Alvarado / Josh Hart,2,30,1366.0,14.784773060029282,5.508052708638361,0.37320574162679426,7.721815519765739,2.9625,13.933333333333334,2.108345534407028,0.5592841163310962,0.4661610023942808,0.6063508315385732
Jose Alvarado / Miles McBride,2,12,369.0,16.390243902439025,8.78048780487805,0.43333333333333335,3.902439024390244,2.3157894736842106,12.916666666666666,1.853658536585366,0.5476190476190477,0.35963383483193045,0.6063227963353799
Karl-Anthony Towns / Mitchell Robinson,2,101,5087.0,17.833693729113428,2.8236681737762925,0.37092731829573933,13.290347945744054,1.1479099678456592,7.782178217821782,2.200904265775506,0.5821071218363744,0.366821153082981,0.6062606117050165
Cameron Payne / Karl-Anthony Towns / Mitchell Robinson,3,18,1210.0,18.83305785123967,4.522314049586777,0.375,9.580165289256199,1.5535714285714286,4.777777777777778,1.666115702479339,0.5734966592427617,0.385250044980337,0.6061620522182729
Karl-Anthony Towns / OG Anunoby / Precious Achiuwa,3,37,3263.0,19.494943303708244,4.457247931351517,0.39603960396039606,9.190315660435182,1.2950819672131149,13.0,2.0190009193993257,0.5714285714285714,0.4128575961397225,0.6055450859432802
Jose Alvarado / Josh Hart / Miles McBride,3,11,650.0,14.898461538461538,7.033846153846154,0.4015748031496063,6.867692307692308,2.25,27.90909090909091,1.9938461538461538,0.5508849557522124,0.4864899574576708,0.6054695433603298
Ariel Hukporti / Karl-Anthony Towns / OG Anunoby,3,24,1762.0,17.489216799091942,4.433598183881952,0.3548387096774194,10.358683314415437,1.216,15.208333333333334,2.5539160045402953,0.5654664484451718,0.3908104677857117,0.6046680520343044
Jose Alvarado / Landry Shamet / OG Anunoby,3,22,1558.0,15.966623876765084,6.839537869062901,0.36486486486486486,4.505776636713736,2.3230769230769233,23.227272727272727,1.5019255455712452,0.5786407766990291,0.55758993475406,0.6043704637107874
Ariel Hukporti / Jordan Clarkson / Miles McBride,3,18,964.0,16.1701244813278,6.3112033195020745,0.40828402366863903,6.087136929460581,1.6304347826086956,19.72222222222222,1.7178423236514522,0.5681818181818182,0.46463532547254416,0.603921600167985
Jose Alvarado / Landry Shamet / Mohamed Diawara,3,20,1077.0,14.172701949860723,7.754874651810585,0.35344827586206895,4.011142061281337,2.772727272727273,19.6,1.4707520891364902,0.5485714285714286,0.5174219636556407,0.6038395006443054
Karl-Anthony Towns / Mikal Bridges / Miles McBride,3,126,11764.0,18.186671200272016,5.630737844270656,0.38804347826086955,6.802788167290037,1.9478114478114479,12.904761904761905,1.8177490649438965,0.5629255435976279,0.4416565699891839,0.6028683884881413
Jordan Clarkson / Josh Hart / Karl-Anthony Towns,3,59,4685.0,18.280469583778014,4.702668089647812,0.3660130718954248,9.482177161152615,1.78419452887538,16.627118644067796,2.528068303094984,0.5588742102240092,0.41847786092654826,0.602578046463039
Jalen Brunson / Jordan Clarkson / Miles McBride,3,44,3295.0,21.08649468892261,7.516843702579666,0.3793604651162791,3.3323216995447646,2.403409090909091,21.40909090909091,1.9229135053110773,0.5359712230215827,0.4948091246847405,0.6024528594411421
Ariel Hukporti / Jordan Clarkson / Karl-Anthony Towns,3,22,1288.0,19.53726708074534,4.220496894409938,0.3708609271523179,10.313664596273291,1.3663366336633664,18.045454545454547,2.8229813664596275,0.563894523326572,0.3998216774207255,0.6022657759421102
Jose Alvarado / Karl-Anthony Towns / Mikal Bridges,3,31,2369.0,18.58505698607007,5.075559307724778,0.3772455089820359,7.7956943858168,2.3703703703703702,19.387096774193548,2.0514985225833686,0.5875139353400223,0.5058488463952374,0.6020293752148957
Jalen Brunson / Josh Hart / Karl-Anthony Towns,3,141,14468.0,21.269560409178876,5.02377661045065,0.3784051510648836,8.325684268730992,2.2494736842105265,15.914893617021276,2.363837434337849,0.5623065645870663,0.4418952853252982,0.6014695999002285
Ariel Hukporti / Landry Shamet / Mikal Bridges,3,25,1662.0,15.855595667870036,5.8267148014440435,0.39776951672862454,5.111913357400722,2.456140350877193,11.48,1.2346570397111913,0.6103773584905661,0.514978193335933,0.6009381823196175
Mitchell Robinson / OG Anunoby,2,94,5096.0,15.725274725274724,4.069073783359498,0.4131944444444444,8.491365777080063,1.2547169811320755,7.25531914893617,1.4976452119309263,0.6157407407407407,0.4299634734839525,0.6006095283152267
Karl-Anthony Towns / Landry Shamet / Mikal Bridges,3,96,8278.0,18.76540227107997,5.392606909881614,0.3814516129032258,7.084319884029959,1.8036117381489842,15.53125,1.9265523073206088,0.5760835671967571,0.4576404214154147,0.5999700090771696
Jordan Clarkson / Josh Hart / Miles McBride,3,40,2856.0,14.710084033613445,6.277310924369748,0.3674698795180723,6.151260504201681,2.222972972972973,19.275,1.865546218487395,0.5383419689119171,0.47798586191416603,0.599191613847226
Karl-Anthony Towns / Mikal Bridges,2,180,12261.0,19.751406899926597,4.918032786885246,0.3773134328358209,8.244678248103744,1.7011331444759208,9.63888888888889,2.0729141179349155,0.5718010429201765,0.40054597548296,0.5986073385721125
Jose Alvarado / Josh Hart / Mohamed Diawara,3,19,1112.0,14.179856115107913,5.633093525179856,0.3735632183908046,7.381294964028777,2.9152542372881354,21.263157894736842,1.910071942446043,0.563768115942029,0.5224929823583304,0.5980841819690252
Josh Hart / Landry Shamet / Miles McBride,3,56,4059.0,13.747228381374724,5.791574279379158,0.39356814701378257,6.21729490022173,2.601092896174863,12.339285714285714,1.623059866962306,0.5501605136436597,0.4639137096235333,0.5971036117627919
Karl-Anthony Towns / Mikal Bridges / OG Anunoby,3,157,16193.0,18.814796517013523,5.31785339344161,0.38127090301003347,7.171987896004446,1.6238095238095238,13.987261146496815,1.8674735997035756,0.5710881652104846,0.4402767653974011,0.5968712863137721
Josh Hart / Landry Shamet / Mitchell Robinson,3,60,4126.0,13.262239457101309,4.022297624818226,0.4078091106290672,8.498303441589918,2.0952380952380953,10.95,1.649054774600097,0.6119133574007221,0.4752108418148705,0.5952410629438647
Josh Hart / Landry Shamet,2,94,4903.0,13.745054048541709,5.315929023047114,0.3839779005524862,6.894554354476851,2.4081632653061225,7.5,1.7988986334897001,0.5766016713091922,0.4297273368988982,0.5949781529026369
Ariel Hukporti / Landry Shamet,2,25,868.0,13.271889400921658,5.806451612903226,0.42142857142857143,5.972350230414746,1.6,6.76,1.2442396313364055,0.6172566371681416,0.42132692617331163,0.5948715668778136
Jalen Brunson / Jose Alvarado / Mohamed Diawara,3,22,1405.0,20.39572953736655,6.815658362989324,0.38345864661654133,4.099644128113879,3.1566265060240966,20.181818181818183,2.126690391459075,0.5485436893203883,0.5095863032089686,0.5946915403010856
Jalen Brunson / Karl-Anthony Towns / Mitchell Robinson,3,86,7435.0,21.445057162071283,4.51271015467384,0.37339055793991416,9.199731002017485,1.8768267223382047,13.534883720930232,2.3193006052454606,0.5602294455066922,0.4127254260607677,0.594019917006931
Jalen Brunson / Mitchell Robinson / Mohamed Diawara,3,28,1885.0,19.804774535809017,5.385676392572944,0.36879432624113473,7.142705570291777,2.577319587628866,21.321428571428573,1.8525198938992042,0.5721784776902887,0.5284849441854346,0.5937676913265698
Jordan Clarkson / Josh Hart / Landry Shamet,3,37,2399.0,15.111296373488953,5.477282200917049,0.3972602739726027,6.047519799916632,2.2049180327868854,14.567567567567568,1.8307628178407669,0.580238726790451,0.47347289979119656,0.5935574241860648
Karl-Anthony Towns / Landry Shamet / Precious Achiuwa,3,26,1894.0,19.577613516367474,4.086589229144668,0.3953488372093023,9.294614572333685,1.0964912280701755,6.115384615384615,2.166842661034847,0.5737597911227154,0.34951851388071326,0.5934626761537917
Josh Hart / Karl-Anthony Towns / Mitchell Robinson,3,92,7624.0,16.134837355718783,3.3289611752360964,0.37446808510638296,11.412906610703043,1.628755364806867,12.097826086956522,2.200419727177335,0.5774006622516556,0.4118216892062737,0.5930224548249049
Jose Alvarado / Landry Shamet / Mitchell Robinson,3,21,1153.0,13.800520381613183,4.745880312228968,0.375,7.680832610581093,2.2941176470588234,22.0,1.5923677363399826,0.6218354430379747,0.5664380013086099,0.5928961176349825
Jalen Brunson / Landry Shamet / OG Anunoby,3,70,6194.0,20.38295124313852,6.660639328382305,0.3900523560209424,3.8766548272521795,2.1303030303030304,17.357142857142858,1.9179851469163707,0.5625481139337952,0.4739455952114393,0.5923656042020394
Jordan Clarkson / Miles McBride / Mitchell Robinson,3,38,2258.0,13.934455270150576,5.277236492471213,0.3806646525679758,7.365810451727192,1.8795180722891567,15.0,1.3232949512843224,0.5521126760563381,0.4756977161170929,0.5921348788101966
Miles McBride / Mitchell Robinson,2,73,3055.0,12.208183306055647,4.383633387888707,0.41397849462365593,8.107364975450082,2.108695652173913,8.89041095890411,1.0841243862520458,0.5724815724815725,0.46764851151855213,0.5921139905889097
Jalen Brunson / Jordan Clarkson / OG Anunoby,3,55,4778.0,22.106320636249478,6.570113017999163,0.3795871559633027,4.400167434072833,1.956989247311828,17.509090909090908,2.1021347844286313,0.5577367205542725,0.4549392318487868,0.5917423574801385
Jalen Brunson / Josh Hart / Mohamed Diawara,3,27,2082.0,19.123919308357348,6.0,0.3746397694524496,5.844380403458214,2.9051724137931036,23.666666666666668,2.005763688760807,0.5547703180212014,0.536589385645247,0.5917166696748939
Jordan Clarkson / Josh Hart / OG Anunoby,3,45,3565.0,16.278260869565216,5.362131837307153,0.3879472693032015,6.45273492286115,1.8423913043478262,18.11111111111111,1.8580645161290323,0.5789473684210527,0.48332990903245054,0.5915902156385221
Miles McBride / Mitchell Robinson / OG Anunoby,3,64,4908.0,14.7359413202934,5.090464547677262,0.4034582132564842,6.821515892420538,1.6574585635359116,11.4375,1.3276283618581908,0.5701119157340355,0.453945870107371,0.5915251147679983
Mikal Bridges / Mohamed Diawara / OG Anunoby,3,29,2248.0,16.494661921708186,6.341637010676156,0.3712121212121212,5.076512455516014,2.125,20.82758620689655,1.5373665480427046,0.5578358208955224,0.5175061338973383,0.591006111121233
Josh Hart / Mohamed Diawara,2,28,1215.0,13.777777777777779,4.9185185185185185,0.37349397590361444,8.118518518518519,2.2318840579710146,11.714285714285714,2.0444444444444443,0.5603217158176944,0.42847535350033983,0.5909092575812813
Miles McBride / OG Anunoby,2,117,6887.0,15.74444605779004,6.6960940903150865,0.3747072599531616,4.511107884419921,2.0,8.076923076923077,1.3643095687527225,0.5393489905232798,0.4197416184168462,0.5902972250405963
Jalen Brunson / Landry Shamet / Miles McBride,3,50,3591.0,19.959899749373434,7.0476190476190474,0.39544807965860596,3.0977443609022557,2.712707182320442,14.18,1.8145363408521302,0.5439167208848406,0.46582556788153295,0.5899837889968876
Jalen Brunson / Karl-Anthony Towns / Mikal Bridges,3,156,16185.0,21.85356811862836,5.551807228915663,0.3766025641025641,6.5927710843373495,2.187946884576098,14.666666666666666,2.177571825764597,0.5592195658147843,0.43953300660614436,0.5897878424785761
Jose Alvarado / Mitchell Robinson / Mohamed Diawara,3,18,869.0,14.499424626006904,4.598388952819333,0.36036036036036034,9.859608745684696,2.2045454545454546,19.88888888888889,1.8227848101265822,0.6196078431372549,0.5048998766802814,0.5896183805518491
Jalen Brunson / Jordan Clarkson / Landry Shamet,3,37,2629.0,21.567135793077217,6.98364397109167,0.3784313725490196,3.519208824648155,2.4964028776978417,19.56756756756757,1.903385317611259,0.5500841750841751,0.4954717167762136,0.589308002299849
Jordan Clarkson / Mitchell Robinson / OG Anunoby,3,45,3181.0,16.172272870166616,4.119459289531594,0.4010989010989011,8.057843445457403,1.3546099290780143,15.266666666666667,1.5957246149009745,0.6142857142857143,0.48411993119071917,0.5890836982790191
Jordan Clarkson / Landry Shamet,2,43,1618.0,16.42027194066749,6.630407911001236,0.3926174496644295,3.4709517923362174,1.8360655737704918,7.395348837209302,1.357231149567367,0.5731046931407943,0.4317496873613257,0.588736512674256
Jordan Clarkson / OG Anunoby,2,60,3085.0,18.19254457050243,6.044732576985413,0.3764478764478765,5.286223662884927,1.3137254901960784,10.183333333333334,1.7854132901134523,0.5657665505226481,0.4032107871001134,0.5881329716929464
Jordan Clarkson / Karl-Anthony Towns / Mikal Bridges,3,71,5855.0,19.054483347566183,5.183262169086251,0.3641755634638197,7.445943637916311,1.891304347826087,13.887323943661972,1.9798462852263023,0.5673712021136064,0.44018553403907634,0.5875687777120258
Ariel Hukporti / Jalen Brunson / Miles McBride,3,26,1840.0,20.543478260869566,6.260869565217392,0.3875,4.519565217391304,2.6043956043956045,15.076923076923077,1.7804347826086957,0.5635876840696118,0.483347179400182,0.5873194980123828
Jalen Brunson / Karl-Anthony Towns / Precious Achiuwa,3,32,3002.0,21.92138574283811,4.473017988007995,0.3780160857908847,8.694203864090607,1.9340101522842639,8.21875,2.362425049966689,0.5647372429550648,0.37728884609255386,0.5871963607447216
Jordan Clarkson / Mikal Bridges / Miles McBride,3,49,3646.0,16.143719144267692,6.753702687877126,0.3742690058479532,3.850795392210642,2.703125,15.693877551020408,1.2638507953922107,0.5583832335329342,0.5178228931339105,0.5870812754159352
Josh Hart / Mitchell Robinson / OG Anunoby,3,84,7240.0,14.767955801104973,4.122099447513812,0.3968636911942099,8.373480662983425,1.7882352941176471,10.214285714285714,1.6906077348066297,0.596081208687441,0.4460401550050497,0.5867878103346064
Josh Hart / Karl-Anthony Towns / Mikal Bridges,3,163,16742.0,17.73981603153745,4.513439254569347,0.37589328251548354,8.435551308087446,2.0145985401459856,14.588957055214724,2.0621192211205353,0.575012256904723,0.4499098322163383,0.5866893175794268
Jalen Brunson / Jose Alvarado / Josh Hart,3,28,2228.0,19.050269299820467,5.913824057450628,0.3770491803278688,5.833034111310592,3.0217391304347827,22.642857142857142,2.229802513464991,0.5465367965367965,0.5150115047557973,0.5865290971790478
Ariel Hukporti / Josh Hart / Miles McBride,3,20,1358.0,13.731958762886597,4.215022091310751,0.4088050314465409,7.899852724594993,2.044776119402985,18.85,1.776141384388807,0.5923482849604221,0.5094997230204993,0.5862085050548206
Cameron Payne / Miles McBride,2,58,2231.0,15.038995965934559,7.535634244733304,0.3576017130620985,3.485432541461228,4.25,6.068965517241379,1.1618108471537427,0.5053317535545023,0.47539981090232386,0.5859826510445997
Jalen Brunson / Mitchell Robinson / OG Anunoby,3,81,7365.0,19.967413441955195,5.225254582484725,0.3938260056127222,6.364154786150713,1.949748743718593,12.0,1.945417515274949,0.574486301369863,0.4355115204065684,0.5858864409462926
Jalen Brunson / Jose Alvarado / Miles McBride,3,11,687.0,21.117903930131003,7.755458515283843,0.4189189189189189,3.353711790393013,2.590909090909091,27.545454545454547,2.3056768558951966,0.5579937304075235,0.4864470870474849,0.5857664629105899
Josh Hart / Karl-Anthony Towns / Precious Achiuwa,3,40,3686.0,17.746066196418884,3.38903960933261,0.37752161383285304,10.899620184481822,1.920353982300885,11.4,2.2072707542051004,0.5707261724659607,0.41248888263827355,0.5855257896171483
Jordan Clarkson / Mohamed Diawara / OG Anunoby,3,20,1302.0,17.668202764976957,6.0,0.37327188940092165,5.474654377880184,1.75,19.45,1.7695852534562213,0.5547368421052632,0.4786788871456893,0.5846236561545354
Cameron Payne / OG Anunoby,2,64,3337.0,16.937368894216362,6.667066227150134,0.3705501618122977,4.293676955349116,2.3230769230769233,6.296875,1.4024572969733293,0.542578125,0.418550650666094,0.5845762331243856
Cameron Payne / Landry Shamet / Miles McBride,3,23,1380.0,14.71304347826087,7.539130434782609,0.36678200692041524,3.1826086956521737,3.595744680851064,9.173913043478262,1.2260869565217392,0.5038759689922481,0.4693966967482869,0.5844439648889773
Jalen Brunson / Jericho Sims / Miles McBride,3,19,1400.0,18.771428571428572,5.2457142857142856,0.4411764705882353,4.885714285714286,2.430379746835443,13.842105263157896,2.0314285714285716,0.5812619502868069,0.46542082196991386,0.5842341680009655
Cameron Payne / Jalen Brunson,2,59,2910.0,24.272164948453607,7.150515463917526,0.3788927335640138,3.0185567010309278,3.0851063829787235,4.423728813559322,2.325773195876289,0.5410116199589884,0.37792343194903577,0.5842191851925763
Jordan Clarkson / Landry Shamet / Mitchell Robinson,3,31,1728.0,14.770833333333334,4.270833333333333,0.3951219512195122,7.729166666666667,1.75,14.290322580645162,1.3333333333333333,0.607,0.5017397542666017,0.5841147909570545
Ariel Hukporti / Jordan Clarkson / OG Anunoby,3,21,1307.0,17.15990818668707,5.178270849273145,0.3670212765957447,7.602142310635042,1.3611111111111112,15.714285714285714,1.983167559296098,0.5451612903225806,0.41930204081835454,0.5840286418455618
Jalen Brunson / Jose Alvarado / Mitchell Robinson,3,26,1731.0,20.027729636048527,4.700173310225304,0.40707964601769914,6.946273830155979,2.5871559633027523,21.5,2.266897746967071,0.5810616929698709,0.511954699162828,0.5838220852689169
Jalen Brunson / Miles McBride,2,123,7215.0,21.7995841995842,7.0602910602910605,0.3823321554770318,3.1384615384615384,2.8121827411167515,9.463414634146341,1.965904365904366,0.5386806596701649,0.4234580084641677,0.5835864405925415
Jalen Brunson / Miles McBride / OG Anunoby,3,107,10018.0,19.890197644240367,6.644440007985626,0.3796646836127637,3.960071870632861,2.2887596899224807,13.560747663551401,1.8542623278099422,0.5459933617828354,0.4452525534989914,0.583069370274805
Landry Shamet / Mikal Bridges / OG Anunoby,3,90,7895.0,17.245345155161495,6.160354654844839,0.38712065136935603,4.112982900569981,2.0294117647058822,14.944444444444445,1.3953134895503483,0.5839454354669464,0.4975818056442811,0.5828777917421971
Karl-Anthony Towns / Mikal Bridges / Precious Achiuwa,3,44,4110.0,19.655474452554746,4.116788321167883,0.4,8.242335766423357,1.4337349397590362,11.477272727272727,2.181021897810219,0.587378640776699,0.4081200453670957,0.582808847333011
Josh Hart / Mitchell Robinson / Mohamed Diawara,3,24,1445.0,13.826989619377162,3.6622837370242216,0.3673469387755102,9.716262975778546,1.9863013698630136,19.625,1.8186851211072665,0.6067961165048543,0.5200344547229463,0.5828012942360531
Cameron Payne / Jericho Sims / Josh Hart,3,19,1331.0,12.522915101427499,3.8407212622088656,0.4084507042253521,8.006010518407212,3.0,10.368421052631579,1.5687453042824944,0.6197604790419161,0.5133935944213301,0.5824715512274181
Ariel Hukporti / Mikal Bridges / Miles McBride,3,27,1903.0,15.569101418812402,5.523909616395166,0.3938356164383562,5.050972149238045,2.6176470588235294,13.25925925925926,1.2863899106673673,0.5982428115015974,0.5224492039416518,0.5823547429565576
Karl-Anthony Towns / Miles McBride / Precious Achiuwa,3,34,2812.0,17.116642958748223,4.570412517780939,0.3641456582633053,9.025604551920342,1.7464788732394365,7.235294117647059,1.8179231863442389,0.5380997177798683,0.37748398042114073,0.5817474973412814
Jalen Brunson / Landry Shamet / Mitchell Robinson,3,51,3775.0,18.93933774834437,5.29271523178808,0.3963963963963964,5.960264900662252,2.4216216216216218,14.235294117647058,1.7642384105960265,0.5718213058419244,0.4771653260062815,0.5817016488224337
Jordan Clarkson / Karl-Anthony Towns / Mitchell Robinson,3,55,3715.0,17.94670255720054,3.5370121130551815,0.34794520547945207,11.056796769851951,1.3716814159292035,12.090909090909092,2.1900403768506056,0.570703125,0.3987105627181682,0.5807739646679112
Jordan Clarkson / Jose Alvarado / Josh Hart,3,19,1162.0,15.769363166953529,4.585197934595525,0.4189189189189189,7.001721170395869,2.5522388059701493,26.57894736842105,2.0757314974182446,0.5774278215223098,0.5518640401635873,0.5806282536116334
Josh Hart / OG Anunoby,2,153,10660.0,15.416510318949344,4.994746716697936,0.3772819472616633,6.977110694183865,2.1194605009633913,8.411764705882353,1.752720450281426,0.5750441436138906,0.42752308661262517,0.5804594619377221
Jalen Brunson / OG Anunoby,2,149,10630.0,21.89463781749765,6.451552210724365,0.3784776902887139,4.148635936030104,2.1983739837398373,9.483221476510067,2.0827845719661338,0.551785341407392,0.40345945606444933,0.5802774538657697
Cameron Payne / Jericho Sims / OG Anunoby,3,20,1371.0,14.310722100656456,5.225382932166302,0.3869346733668342,6.301969365426696,2.5833333333333335,12.8,1.2603938730853392,0.5689252336448598,0.5000326147728645,0.5798791288558265
Jordan Clarkson / Jose Alvarado / OG Anunoby,3,17,1109.0,18.016230838593327,5.323715058611362,0.4146341463414634,5.388638412984671,2.2222222222222223,23.764705882352942,1.7529305680793508,0.5943877551020408,0.5445722602601262,0.5794305057017932
Cameron Payne / Jalen Brunson / OG Anunoby,3,52,4483.0,20.798572384563908,6.657149230426054,0.3775633293124246,3.7019852777158153,2.5166666666666666,8.826923076923077,1.9272808387240687,0.5498220640569395,0.41792041708715677,0.5793732411211236
Jalen Brunson / Jose Alvarado / Landry Shamet,3,25,1824.0,19.105263157894736,7.026315789473684,0.36235955056179775,3.4342105263157894,3.210526315789474,23.36,1.875,0.5402374670184696,0.5433249882955119,0.5790249606336921
Cameron Payne / Jericho Sims / Mikal Bridges,3,20,1416.0,14.720338983050848,5.516949152542373,0.39631336405529954,5.262711864406779,2.7454545454545456,14.45,1.3983050847457628,0.5741127348643006,0.5130723218426072,0.5789098690783323
Jose Alvarado / Mitchell Robinson,2,27,880.0,14.645454545454545,3.190909090909091,0.3974358974358974,10.75909090909091,2.2291666666666665,12.62962962962963,1.9636363636363636,0.6510204081632653,0.4676598609657291,0.5788773639996534
Cameron Payne / Jalen Brunson / Miles McBride,3,50,3578.0,21.018446059250977,7.043040804918949,0.37,3.2498602571268864,3.1375661375661377,8.0,1.9016210173281163,0.5358245830759728,0.4265249413954788,0.5784044779491537
Josh Hart / Miles McBride / Mitchell Robinson,3,68,5040.0,12.357142857142858,4.192857142857143,0.39182282793867124,8.492857142857142,2.126086956521739,13.102941176470589,1.6428571428571428,0.5608308605341247,0.4582320471652256,0.5776945462972827
Jalen Brunson / Jordan Clarkson / Mohamed Diawara,3,25,1680.0,21.664285714285715,6.621428571428571,0.3656957928802589,4.007142857142857,2.8241758241758244,15.84,1.95,0.5465717981888745,0.47558340428024415,0.5769431999542918
Jose Alvarado / Landry Shamet,2,27,1057.0,13.964049195837275,7.3907284768211925,0.35023041474654376,3.337748344370861,2.8636363636363638,14.25925925925926,1.4985808893093662,0.5555555555555556,0.48354748954646004,0.5768103313849604
Jericho Sims / Mikal Bridges / Miles McBride,3,19,1468.0,13.953678474114442,5.664850136239782,0.3939393939393939,4.855585831062671,2.015873015873016,12.736842105263158,1.5449591280653951,0.5728051391862955,0.46526872002130526,0.5760245464957905
Jalen Brunson / Miles McBride / Mitchell Robinson,3,64,4908.0,19.063569682151588,5.567237163814181,0.3820816864295125,5.765281173594132,2.3052208835341363,15.0,1.82640586797066,0.5489599188229325,0.4597043292272802,0.5749599794640579
Jordan Clarkson / Josh Hart / Mitchell Robinson,3,49,3248.0,14.57512315270936,3.4692118226600983,0.38338658146964855,9.443349753694582,1.861271676300578,12.755102040816327,1.917487684729064,0.5943983402489627,0.4525337623156809,0.573611189861064
Jalen Brunson / Landry Shamet,2,81,4428.0,21.398373983739837,6.878048780487805,0.37825059101654845,3.024390243902439,2.6184738955823295,9.283950617283951,2.024390243902439,0.5412524850894632,0.4135315826056023,0.5735502668180759
Ariel Hukporti / Jalen Brunson / Landry Shamet,3,23,1556.0,19.06426735218509,6.362467866323907,0.3527272727272727,4.673521850899743,2.6164383561643834,16.91304347826087,1.6889460154241644,0.5483091787439613,0.49208596875792343,0.5733380783382361
Jordan Clarkson / Mikal Bridges / OG Anunoby,3,60,5050.0,16.98059405940594,5.838415841584158,0.37484737484737485,4.847524752475247,2.0141509433962264,14.05,1.5112871287128713,0.5701270016565434,0.4747668212009273,0.5731847615053636
Landry Shamet / Mikal Bridges / Mohamed Diawara,3,27,1846.0,14.684723726977248,6.7865655471289275,0.3505747126436782,3.9978331527627304,2.6166666666666667,16.22222222222222,1.170097508125677,0.5363924050632911,0.5093710112943606,0.5730477987000665
Jalen Brunson / Mikal Bridges / Mohamed Diawara,3,34,2737.0,19.782243332115456,6.537084398976982,0.36217303822937624,4.169528681037632,3.2109375,17.58823529411765,1.6835951772013154,0.54,0.5130603110375339,0.5727631400626666
Cameron Payne / Miles McBride / OG Anunoby,3,50,3718.0,15.44378698224852,6.806885422270038,0.3541963015647226,4.163528778913395,2.7218045112781954,8.88,1.2877891339429801,0.5188269370021723,0.4422421263514894,0.5725399126200265
Jalen Brunson / Josh Hart / Landry Shamet,3,73,6241.0,18.67777599743631,5.78561128024355,0.3708873379860419,5.393366447684666,2.5416666666666665,14.054794520547945,2.0765902900176254,0.5493927125506073,0.4472131308635747,0.5720532972219307
Jalen Brunson / Josh Hart / OG Anunoby,3,133,14015.0,19.018480199785945,5.535497681056011,0.37494199535962874,5.620264002854085,2.3643312101910827,13.736842105263158,2.0164109882269,0.5598392106705646,0.44898406361798116,0.5715994942692052
Jalen Brunson / Jordan Clarkson / Josh Hart,3,55,4544.0,20.408450704225352,5.870598591549296,0.3603238866396761,5.45862676056338,2.4818840579710146,20.072727272727274,2.186619718309859,0.5481012658227848,0.4808134457390739,0.5713369354611272
Mitchell Robinson / Mohamed Diawara,2,30,987.0,12.875379939209726,3.4285714285714284,0.3404255319148936,11.161094224924012,1.380952380952381,8.433333333333334,1.5319148936170213,0.6235294117647059,0.424778822255256,0.5712201486525008
Ariel Hukporti / Josh Hart / OG Anunoby,3,24,1826.0,14.589266155531217,4.140197152245345,0.3619047619047619,8.556407447973713,1.6168224299065421,22.416666666666668,2.1095290251916756,0.5844402277039848,0.49503368822593286,0.5711970348859868
Jalen Brunson / Jose Alvarado,2,31,1531.0,22.032658393207054,6.56041802743305,0.3763440860215054,3.6917047681254083,3.1553398058252426,14.161290322580646,2.4219464402351405,0.5381991814461119,0.4425569752082211,0.5710496248905296
Ariel Hukporti / Mikal Bridges / OG Anunoby,3,32,2546.0,16.71327572663001,5.189316575019639,0.36239782016348776,6.24980361351139,1.8220338983050848,12.84375,1.6684996072270228,0.5820980615735462,0.45805921278928163,0.5709521215628081
Jalen Brunson / Jordan Clarkson,2,69,3660.0,24.442622950819672,6.855737704918033,0.35724533715925394,3.442622950819672,2.3869565217391306,10.202898550724637,2.262295081967213,0.5392464678178964,0.39665309757955447,0.5699428693933687
Josh Hart / Miles McBride / OG Anunoby,3,106,9857.0,14.360555950086233,5.452774677893882,0.36771600803750837,6.190524500355077,2.306451612903226,12.132075471698114,1.5850664502384093,0.5441317556763672,0.45006812798432794,0.5699385762126076
Jalen Brunson / Jose Alvarado / OG Anunoby,3,26,2134.0,19.838800374882847,6.224929709465792,0.3712737127371274,4.284910965323337,2.6721311475409837,20.5,2.058106841611996,0.5493827160493827,0.49899982072306803,0.5698578074456595
Jose Alvarado / Mikal Bridges / OG Anunoby,3,28,2204.0,15.892921960072595,6.027223230490018,0.36585365853658536,4.606170598911071,2.689655172413793,19.035714285714285,1.4210526315789473,0.5628306878306878,0.5350340945178967,0.5698421149079512
Cameron Payne / Landry Shamet / OG Anunoby,3,27,1901.0,16.00210415570752,6.609153077327722,0.36962750716332377,3.787480273540242,2.0779220779220777,5.814814814814815,1.4581799053129931,0.5328102710413695,0.39660553310055646,0.5698261809000345
Cameron Payne / Jericho Sims / Miles McBride,3,14,751.0,13.422103861517977,5.512649800266312,0.43478260869565216,5.944074567243675,3.0344827586206895,8.928571428571429,1.3901464713715046,0.5944700460829493,0.4530627101564696,0.5697162931204974
Jordan Clarkson / Landry Shamet / Mikal Bridges,3,43,3036.0,16.363636363636363,6.059288537549407,0.3796477495107632,3.8063241106719365,2.588235294117647,13.093023255813954,1.209486166007905,0.5810162991371045,0.5132611592963174,0.5692802394755772
Jalen Brunson / Jordan Clarkson / Jose Alvarado,3,20,1286.0,22.506998444790046,5.962674961119752,0.40375586854460094,3.723172628304821,2.607142857142857,24.65,2.3514774494556767,0.5631229235880398,0.5183871400750156,0.5689406600571658
Josh Hart / Miles McBride,2,122,7084.0,13.162055335968379,5.086956521739131,0.37162837162837165,6.809712027103331,2.7371601208459215,8.352459016393443,1.6821005081874647,0.5440539239287434,0.43285250206653103,0.568315800664551
Jericho Sims / Miles McBride / OG Anunoby,3,19,1437.0,13.603340292275574,5.235908141962422,0.3875598086124402,5.762004175365345,2.036363636363636,13.894736842105264,1.3778705636743216,0.5572429906542056,0.4736645684746994,0.5672501185180175
Cameron Payne / Mitchell Robinson / OG Anunoby,3,20,1401.0,15.623126338329765,5.190578158458244,0.3811881188118812,6.115631691648822,1.9090909090909092,0.1,1.4132762312633833,0.5492813141683778,0.36323563802771264,0.5661945710773971
Ariel Hukporti / Landry Shamet / Mohamed Diawara,3,13,638.0,13.598746081504702,5.924764890282131,0.4,6.206896551724138,2.1,12.0,1.128526645768025,0.6022727272727273,0.4504976643583669,0.5660157407013076
Jalen Brunson / Josh Hart / Miles McBride,3,111,10305.0,18.57467248908297,5.620960698689957,0.3729024238657551,5.393886462882096,2.688695652173913,15.045045045045045,2.0087336244541483,0.5466566866267465,0.46168998367614844,0.565674594644327
Landry Shamet / Mikal Bridges / Miles McBride,3,61,4562.0,15.443226654975888,6.155195089872863,0.38974358974358975,3.4169224024550635,2.9935483870967743,11.344262295081966,1.2231477422183252,0.5648030495552732,0.5037929473468602,0.5653330182880232
Karl-Anthony Towns / Mikal Bridges / Mitchell Robinson,3,101,8563.0,16.90482307602476,3.6533925026275837,0.36363636363636365,9.476118182879832,1.6169265033407572,11.613861386138614,1.887656195258671,0.5713802435723951,0.4220992733485921,0.5648689803420116
Ariel Hukporti / Josh Hart / Mitchell Robinson,3,12,711.0,12.556962025316455,1.7721518987341771,0.45714285714285713,12.556962025316455,1.605263157894737,33.0,1.9240506329113924,0.6484848484848484,0.5744816102560906,0.5643056933838289
Mikal Bridges / Miles McBride / OG Anunoby,3,117,11071.0,15.855478276578449,6.136031072170535,0.37042925278219396,4.139463463101798,2.1972157772621808,10.2991452991453,1.4014994128804985,0.5507960576194086,0.4481168168042218,0.5639561169046827
Jose Alvarado / Josh Hart / Mikal Bridges,3,30,2294.0,15.238012205754142,5.367044463818657,0.35964912280701755,5.963382737576286,3.102803738317757,20.266666666666666,1.6791630340017436,0.5584832904884319,0.5408056306552245,0.5637825178742776
Jalen Brunson / Josh Hart / Mitchell Robinson,3,83,7194.0,18.450375312760634,4.528773978315263,0.3679558011049724,7.561301084236864,2.3932038834951457,11.397590361445783,2.061718098415346,0.5585204269414795,0.42980987625584754,0.5629740170791395
Jalen Brunson / Jericho Sims / OG Anunoby,3,25,2161.0,18.79130032392411,5.064322073114299,0.40131578947368424,5.330865340120314,2.327272727272727,14.8,1.8324849606663582,0.5679314565483476,0.47127665240697403,0.5627457415835712
Jalen Brunson / Jordan Clarkson / Mikal Bridges,3,69,5924.0,21.13571910871033,6.289669142471303,0.3642512077294686,3.798109385550304,2.7205387205387206,15.18840579710145,1.8048615800135044,0.5555348490495714,0.48156380654182784,0.5627441586962242
Cameron Payne / Josh Hart / OG Anunoby,3,62,5534.0,14.975063245392121,5.145645102999638,0.3640960809102402,6.36863028550777,2.4594594594594597,9.516129032258064,1.6848572461149258,0.5531215772179627,0.4370389221288066,0.5625048178828004
Jordan Clarkson / Landry Shamet / Mohamed Diawara,3,18,957.0,14.9717868338558,6.846394984326019,0.37362637362637363,3.8746081504702192,2.484848484848485,13.555555555555555,1.2413793103448276,0.5454545454545454,0.4631559258074087,0.5622238184116792
Jalen Brunson / Mikal Bridges / OG Anunoby,3,149,15887.0,19.807137911499968,6.1091458425127465,0.3720326409495549,3.979102410776106,2.327564894932015,12.483221476510067,1.8331969534839807,0.5536272903321913,0.44522598632512966,0.5617622084669612
Josh Hart / Mitchell Robinson,2,98,4989.0,12.317498496692725,2.6337943475646424,0.37534246575342467,10.758869512928442,2.0546875,5.63265306122449,1.847263980757667,0.5974714518760196,0.41471190361683363,0.5616617920370315
Ariel Hukporti / Jose Alvarado / Landry Shamet,3,12,631.0,15.004754358161648,6.503961965134707,0.37719298245614036,5.362916006339145,2.111111111111111,19.583333333333332,1.5404120443740095,0.5963541666666666,0.47654802470336866,0.5608393135246864
Jalen Brunson / Josh Hart,2,152,10623.0,20.28579497317142,5.232420220276758,0.36787564766839376,5.971194577802881,2.7424698795180724,8.671052631578947,2.250211804574979,0.5531576556110859,0.40838680268587213,0.5606169857425007
Jalen Brunson / Mitchell Robinson,2,92,5066.0,21.275957362810896,4.647453612317411,0.36850152905198774,7.120410580339518,2.368600682593857,7.739130434782608,2.0821160679036717,0.5587016574585635,0.40173132203563977,0.5601640213681897
Mikal Bridges / OG Anunoby,2,171,12083.0,16.931887776214516,5.7800215178349745,0.37061855670103094,4.373748241330795,1.9577464788732395,8.35672514619883,1.4807580898783415,0.5667265782970119,0.4315952312368718,0.5596123953203151
Jalen Brunson / Mikal Bridges / Miles McBride,3,123,11609.0,19.511758118701007,6.344732535102076,0.3758553274682307,3.3212162977000603,2.7548845470692718,12.788617886178862,1.745886811956241,0.5488225740966302,0.46463253373990276,0.55950267789082
Landry Shamet / OG Anunoby / Precious Achiuwa,3,26,1848.0,16.266233766233768,5.0064935064935066,0.38910505836575876,5.746753246753247,1.0897435897435896,3.269230769230769,1.5194805194805194,0.5587786259541985,0.3565847563671525,0.5592885855430103
Josh Hart / Mikal Bridges / OG Anunoby,3,153,16102.0,15.73965966960626,5.093031921500435,0.37093942054433715,5.763756055148429,2.2323369565217392,12.261437908496733,1.6455098745497454,0.5719411223551057,0.46323846716957395,0.5591722059004882
Jalen Brunson / Jericho Sims,2,25,1251.0,20.402877697841728,4.374100719424461,0.4407894736842105,5.467625899280575,2.4875,8.04,2.302158273381295,0.5773930753564155,0.40775925693951287,0.5591710052680028
Jordan Clarkson / Jose Alvarado / Mitchell Robinson,3,19,933.0,16.321543408360128,3.2411575562700965,0.42857142857142855,8.990353697749196,1.9411764705882353,22.63157894736842,1.9678456591639872,0.6203389830508474,0.5135035260036811,0.5589449227001926
Cameron Payne / Mikal Bridges / OG Anunoby,3,64,5710.0,17.111033274956217,6.115586690017513,0.3670103092783505,3.871103327495622,2.2777777777777777,8.984375,1.475306479859895,0.5562103354487761,0.44092082783938646,0.558730341706234
Jose Alvarado / Miles McBride / Mitchell Robinson,3,11,494.0,15.157894736842104,5.392712550607287,0.4189189189189189,7.506072874493927,1.52,21.727272727272727,1.8218623481781377,0.5917721518987342,0.43757773125696753,0.558710276819647
Josh Hart / Landry Shamet / Mikal Bridges,3,94,8083.0,15.13843869850303,5.17530619819374,0.3674698795180723,5.593962637634542,2.5745257452574526,12.648936170212766,1.6434492144005939,0.5742069486404834,0.47991101542750003,0.5585886671730704
Jordan Clarkson / Josh Hart / Mikal Bridges,3,62,5033.0,15.736141466322273,5.028412477647526,0.36984352773826457,5.836677925690443,2.4430894308943087,14.85483870967742,1.759586727597854,0.5742690058479533,0.4842519631860217,0.5582234440184736
Mikal Bridges / Miles McBride,2,135,8067.0,15.29341762737077,6.158423205652659,0.3760869565217391,3.4763852733358127,2.8556338028169015,7.503703703703704,1.267385645221272,0.5552640783490731,0.4625264238325275,0.5572310996315015
Delon Wright / Landry Shamet / OG Anunoby,3,11,831.0,16.895306859205775,6.584837545126354,0.39473684210526316,3.509025270758123,2.1666666666666665,2.4545454545454546,1.2996389891696751,0.5888501742160279,0.3851941725865354,0.5568970666650717
Jordan Clarkson / Josh Hart,2,62,2992.0,15.004010695187166,4.704545454545454,0.36061381074168797,7.135026737967914,2.10989010989011,8.838709677419354,2.1898395721925135,0.5512170385395537,0.38909187605285633,0.5566265662135071
Jose Alvarado / Mohamed Diawara,2,23,718.0,13.938718662952645,7.220055710306407,0.3472222222222222,5.013927576601671,2.923076923076923,8.0,1.9554317548746518,0.5313807531380753,0.36456022652603176,0.5562761402227426
Ariel Hukporti / Jordan Clarkson / Landry Shamet,3,18,884.0,15.352941176470589,5.497737556561086,0.4074074074074074,5.457013574660634,1.8918918918918919,11.833333333333334,1.506787330316742,0.5773381294964028,0.4279801668690537,0.5559961673752951
Delon Wright / Karl-Anthony Towns / Landry Shamet,3,11,777.0,17.745173745173744,5.142857142857143,0.3963963963963964,7.45945945945946,1.25,4.0,2.5945945945945947,0.5601374570446735,0.26378296622338393,0.5559584925552467
Jalen Brunson / Jordan Clarkson / Mitchell Robinson,3,53,3807.0,20.671394799054372,4.832151300236407,0.36007827788649704,6.628841607565012,2.2169811320754715,15.11320754716981,2.0047281323877066,0.5605686032138443,0.4546860271570152,0.5555723435026562
Josh Hart / Mikal Bridges / Mohamed Diawara,3,28,2053.0,14.922552362396493,5.085241110569898,0.35172413793103446,6.4179249878226985,2.5625,19.285714285714285,1.6833901607403798,0.553314121037464,0.5107335175001428,0.5555545259723483
Jalen Brunson / Jericho Sims / Mikal Bridges,3,25,2213.0,18.593764121102577,5.335743334839584,0.3932926829268293,4.522367826479892,2.341666666666667,14.84,1.9521012200632626,0.5665901262916189,0.4642512167247521,0.555087097518414
Mikal Bridges / Mitchell Robinson / OG Anunoby,3,94,8313.0,15.455792132804042,4.360880548538434,0.38232373386295926,6.673403103572717,1.8011695906432748,10.287234042553191,1.4810537712017322,0.5818079940231603,0.44973227440964625,0.5550647739259394
Ariel Hukporti / Mohamed Diawara / OG Anunoby,3,12,677.0,16.75036927621861,4.838995568685377,0.3956043956043956,7.816838995568685,1.2972972972972974,19.166666666666668,1.967503692762186,0.6046511627906976,0.4296706167481948,0.5548147201655198
Cameron Payne / Jericho Sims,2,20,655.0,11.981679389312976,4.561832061068702,0.4457831325301205,7.474809160305344,3.32,4.8,1.3740458015267176,0.5935672514619883,0.42455953489224496,0.5546626415689099
Cameron Payne / Jalen Brunson / Josh Hart,3,55,4765.0,19.54501573976915,5.265897166841553,0.36585365853658536,5.55299055613851,2.830449826989619,6.8,2.183420776495278,0.5551760378349974,0.4033921509846372,0.5543602157798477
Cameron Payne / Jalen Brunson / Mikal Bridges,3,59,5104.0,20.764890282131663,6.376175548589342,0.36836283185840707,3.14576802507837,2.823741007194245,6.0508474576271185,1.9608150470219436,0.5465015210777923,0.4049712881498758,0.5535311340331512
Jose Alvarado / Mikal Bridges / Mohamed Diawara,3,22,1313.0,14.997715156130997,6.251332825590251,0.3333333333333333,4.551408987052551,3.109090909090909,15.5,1.507996953541508,0.5336225596529284,0.5004528245859372,0.5533539255847896
Cameron Payne / Landry Shamet,2,32,1112.0,13.597122302158274,7.219424460431655,0.3542600896860987,2.8489208633093526,2.4705882352941178,5.0,1.6510791366906474,0.5079575596816976,0.3684349658047318,0.5531590912476723
Landry Shamet / Mikal Bridges / Mitchell Robinson,3,65,4686.0,14.427656850192061,4.409731113956466,0.3832752613240418,6.1920614596670935,2.298780487804878,12.061538461538461,1.259923175416133,0.592463363572924,0.5001551786479738,0.5524888906975147
Jalen Brunson / Jericho Sims / Josh Hart,3,24,2116.0,17.217391304347824,3.8449905482041586,0.40707964601769914,6.737240075614367,2.788135593220339,12.125,2.007561436672968,0.5974025974025974,0.4780716394098269,0.5524189009535074
Ariel Hukporti / Josh Hart / Mikal Bridges,3,34,2674.0,14.68810770381451,3.8908002991772626,0.3771626297577855,7.445026178010472,2.22962962962963,15.764705882352942,1.8175018698578909,0.5907407407407408,0.49063426493103335,0.550991282617322
Landry Shamet / Mikal Bridges,2,103,5566.0,15.807402084081925,5.91807402084082,0.3726775956284153,3.3309378368666906,2.5303030303030303,7.728155339805825,1.2806324110671936,0.5767236910316226,0.4658908571049565,0.5509470185563686
Mikal Bridges / Mohamed Diawara,2,36,1649.0,14.86719223771983,5.938144329896907,0.34558823529411764,4.65009096422074,2.783333333333333,7.694444444444445,1.3098847786537295,0.5379310344827586,0.44735056660618344,0.5498474276374395
Jose Alvarado / Landry Shamet / Mikal Bridges,3,27,1897.0,14.802319451765946,6.395361096468108,0.33827893175074186,3.643647865050079,3.0597014925373136,20.814814814814813,1.2714812862414338,0.5444617784711389,0.5575416760397425,0.5488536632744099
Cameron Payne / Josh Hart,2,67,3503.0,13.658007422209534,4.521838424207822,0.35,7.450756494433342,2.9,5.253731343283582,1.952612046817014,0.5464788732394367,0.40247627460529156,0.5487511784424669
Landry Shamet / Miles McBride / Precious Achiuwa,3,19,1287.0,13.706293706293707,5.118881118881119,0.3770491803278688,5.986013986013986,2.5,6.315789473684211,1.062937062937063,0.5172811059907834,0.4279850076497339,0.5487006444184542
Mikal Bridges / Miles McBride / Mitchell Robinson,3,73,5582.0,13.762809029021856,4.55320673593694,0.3810198300283286,6.230025080616267,2.3214285714285716,11.315068493150685,1.2640630598351845,0.5639467592592593,0.4765140296637521,0.54826567893147
Josh Hart / Mikal Bridges / Miles McBride,3,122,11474.0,14.319679274882343,5.089070943001569,0.36744759556103573,5.52204985183894,2.6488095238095237,11.975409836065573,1.5813142757538783,0.5565217391304348,0.46966165731346,0.5481218611226002
Jalen Brunson / Josh Hart / Mikal Bridges,3,152,15995.0,18.856392622694592,5.25314160675211,0.36546700942587834,5.154110659581119,2.712630359212051,12.664473684210526,1.9423569865582995,0.5577767325180307,0.45675921606572867,0.5475735697425065
Jericho Sims / Mikal Bridges / OG Anunoby,3,25,2257.0,14.562693841382366,5.231723526805494,0.3567073170731707,5.407177669472752,1.8160919540229885,15.68,1.387682764731945,0.5574098798397864,0.4780497548578937,0.5471314523693742
Ariel Hukporti / Jalen Brunson / Jordan Clarkson,3,25,1616.0,20.606435643564357,5.948019801980198,0.32209737827715357,5.257425742574258,2.3146067415730336,15.6,1.9826732673267327,0.5278551532033426,0.44128646243770553,0.5470133787625688
Cameron Payne / Mikal Bridges / Miles McBride,3,57,4268.0,15.747891283973757,6.19962511715089,0.363265306122449,3.416119962511715,3.1036585365853657,6.771929824561403,1.3833177132146204,0.539448966812774,0.4490058516636185,0.5468019328992684
Ariel Hukporti / Jalen Brunson / Mohamed Diawara,3,16,980.0,18.918367346938776,5.510204081632653,0.36666666666666664,5.914285714285715,3.3658536585365852,12.6875,1.506122448979592,0.549492385786802,0.47819839858180835,0.5466364022089072
Jalen Brunson / Mikal Bridges,2,170,12074.0,21.321517309922147,6.0586383965545805,0.3661417322834646,3.443763458671526,2.7863777089783284,7.805882352941176,1.9261222461487493,0.5490514905149051,0.4198670932561317,0.5462856073303579
Ariel Hukporti / OG Anunoby,2,32,1506.0,15.466135458167331,4.51792828685259,0.328042328042328,7.697211155378486,1.1022727272727273,8.40625,2.103585657370518,0.5560253699788583,0.35801661020093734,0.546249805066127
Jordan Clarkson / Mitchell Robinson / Mohamed Diawara,3,23,1189.0,13.988225399495374,3.572750210260723,0.3559322033898305,8.629100084104289,1.6666666666666667,11.73913043478261,1.6349873843566023,0.5809248554913294,0.4446587062558719,0.5455335467361061
Mikal Bridges / Mitchell Robinson / Mohamed Diawara,3,30,1898.0,14.054794520547945,4.305584826132772,0.3303964757709251,7.700737618545838,2.1805555555555554,15.733333333333333,1.3656480505795574,0.574486301369863,0.5041006829977355,0.5452440847645161
Jose Alvarado / Mikal Bridges / Mitchell Robinson,3,27,1693.0,14.9060838747785,3.9338452451269936,0.3621621621621622,7.314825753101004,2.7941176470588234,19.925925925925927,1.4459539279385707,0.594106463878327,0.5644074341594179,0.5447852584242046
Delon Wright / Landry Shamet,2,13,533.0,13.103189493433396,6.821763602251407,0.42574257425742573,2.769230769230769,3.5,2.8461538461538463,0.9455909943714822,0.6114864864864865,0.4415883237935308,0.5447019188200987
Jalen Brunson / Landry Shamet / Mikal Bridges,3,81,7111.0,19.344114751792997,6.1358458725917595,0.36221122112211224,3.346364786949796,2.7888563049853374,12.925925925925926,1.7263394740542821,0.545135406218656,0.46552555242600624,0.5445196111084942
Ariel Hukporti / Jalen Brunson / OG Anunoby,3,30,2413.0,20.125984251968504,5.535018648984666,0.3261455525606469,5.728968089515126,1.8571428571428572,15.866666666666667,2.2975549108992954,0.5380380380380381,0.4152420417259699,0.5444354244342693
Cameron Payne / Mikal Bridges,2,71,3716.0,16.808396124865446,6.064585575888052,0.3610223642172524,3.3519913885898815,2.7515151515151515,5.507042253521127,1.5984930032292788,0.5511324639670556,0.4225811093185802,0.5433089310936303
Jordan Clarkson / Jose Alvarado / Landry Shamet,3,16,862.0,15.703016241299304,6.2645011600928076,0.38666666666666666,3.7169373549883993,2.255813953488372,25.6875,1.7958236658932714,0.5758620689655173,0.5200572673770211,0.5433056899437567
Delon Wright / Karl-Anthony Towns / OG Anunoby,3,10,889.0,19.802024746906635,4.980877390326209,0.37398373983739835,7.005624296962879,1.3396226415094339,2.8,2.1462317210348707,0.5611111111111111,0.2962863255452271,0.5432323657889887
Jericho Sims / Josh Hart / OG Anunoby,3,24,2160.0,13.116666666666667,3.7666666666666666,0.3584070796460177,7.616666666666666,2.375,12.166666666666666,1.4666666666666666,0.5901213171577123,0.4900970714933781,0.540586540855332
Jalen Brunson / Jose Alvarado / Mikal Bridges,3,31,2483.0,19.399113975030204,5.915424889246879,0.3627450980392157,3.6826419653644784,3.24031007751938,19.29032258064516,1.8703181635118808,0.5404896421845574,0.51576372574911,0.5405593444777177
Ariel Hukporti / Jalen Brunson / Mikal Bridges,3,40,3260.0,20.120245398773005,5.411042944785276,0.3469387755102041,4.903067484662577,2.734567901234568,12.55,1.788957055214724,0.5551497443389335,0.4638894434615103,0.5401435933125951
Mikal Bridges / OG Anunoby / Precious Achiuwa,3,45,4178.0,17.086644327429394,4.851124940162757,0.38010657193605685,5.049305887984682,1.6702702702702703,8.911111111111111,1.5940641455241742,0.5681233933161953,0.4195857525954808,0.5401282260577557
Ariel Hukporti / Jalen Brunson / Josh Hart,3,31,2450.0,18.42612244897959,4.349387755102041,0.3547297297297297,7.023673469387755,2.435374149659864,19.741935483870968,2.16,0.5564876957494407,0.48387832627732796,0.5400211845140396
Jericho Sims / OG Anunoby,2,25,1295.0,13.315830115830115,4.225482625482625,0.3618421052631579,6.9776061776061775,1.6170212765957446,8.88,1.3065637065637066,0.5623306233062331,0.4302960434269826,0.5395275450827169
Cameron Payne / Josh Hart / Miles McBride,3,53,3915.0,13.508045977011495,5.057471264367816,0.34545454545454546,6.225287356321839,2.994413407821229,8.283018867924529,1.645977011494253,0.5261885576148267,0.4318584042585719,0.5393215086977683
Josh Hart / Mikal Bridges,2,175,12221.0,14.920219294656738,4.486375910318305,0.3617859487852922,6.191964651010555,2.579391891891892,7.577142857142857,1.7438834792570166,0.5725968797181681,0.4369656485565834,0.5392678134173512
Jericho Sims / Josh Hart / Miles McBride,3,18,1368.0,11.605263157894736,3.6315789473684212,0.3695652173913043,7.5,2.532258064516129,11.055555555555555,1.631578947368421,0.5929878048780488,0.480136603702791,0.5392484372860823
Jordan Clarkson / Mikal Bridges,2,77,3954.0,16.552352048558422,5.590288315629742,0.3566775244299674,4.042488619119879,2.543046357615894,6.922077922077922,1.3748103186646434,0.5630568882796436,0.44607735620458433,0.5390079262949722
Josh Hart / OG Anunoby / Precious Achiuwa,3,43,3979.0,14.5212364915808,3.9447097260618245,0.3555045871559633,7.9527519477255595,2.1693121693121693,8.953488372093023,1.7099773812515708,0.5475812846946868,0.417477680227066,0.5379882065499608
Jordan Clarkson / Mikal Bridges / Mohamed Diawara,3,27,1741.0,15.36358414704193,5.686387133831132,0.34545454545454546,4.425043078690408,2.652173913043478,10.0,1.4267662263067202,0.5399022801302932,0.4536342609022166,0.5367414714614002
Cameron Payne / OG Anunoby / Precious Achiuwa,3,33,2311.0,15.577672003461705,5.062743401125054,0.3630769230769231,5.623539593249675,2.043956043956044,6.03030303030303,1.4175681523150152,0.5251196172248804,0.3941891634746544,0.53652548101207
Jalen Brunson / Mikal Bridges / Mitchell Robinson,3,92,8171.0,18.843715579488435,4.696609962060947,0.3602251407129456,5.912617794639579,2.5073891625615765,10.478260869565217,1.7887651450250888,0.5561005518087063,0.4415761184014947,0.536370401682959
Cameron Payne / Jalen Brunson / Precious Achiuwa,3,30,2178.0,19.90082644628099,5.12396694214876,0.3709677419354839,5.008264462809917,2.7787610619469025,-0.3,1.8677685950413223,0.5380021715526602,0.3577637309131567,0.5359273186267716
Jalen Brunson / OG Anunoby / Precious Achiuwa,3,32,2967.0,18.564206268958543,4.950455005055612,0.3700980392156863,5.290192113245703,2.0961538461538463,6.9375,1.8928210313447926,0.5437768240343348,0.38732422060605076,0.5356566160460019
Ariel Hukporti / Mikal Bridges,2,43,2051.0,15.253047294002926,4.195026816187226,0.3682008368200837,6.002925402242808,2.2588235294117647,5.372093023255814,1.491955143832277,0.5969465648854961,0.4404457230391188,0.5355955288124599
Jericho Sims / Miles McBride,2,19,742.0,11.595687331536388,4.609164420485175,0.42105263157894735,6.549865229110512,2.0,7.2105263157894735,1.5040431266846361,0.5837837837837838,0.38906844893662745,0.5347090596202099
Jordan Clarkson / Josh Hart / Mohamed Diawara,3,19,1146.0,13.633507853403142,4.0837696335078535,0.3923076923076923,6.87958115183246,2.3548387096774195,18.94736842105263,1.9476439790575917,0.543731778425656,0.47378550730674795,0.5343897624578055
Josh Hart / Mikal Bridges / Mitchell Robinson,3,98,8344.0,13.810642377756471,3.537871524448706,0.36097560975609755,7.938638542665388,2.2569974554707377,9.693877551020408,1.6955896452540749,0.5757575757575758,0.4454056599710957,0.5337441611487549
Jordan Clarkson / Jose Alvarado / Miles McBride,3,11,504.0,15.714285714285714,6.714285714285714,0.4148936170212766,4.428571428571429,1.8518518518518519,22.545454545454547,1.9285714285714286,0.5261780104712042,0.40671189149473597,0.5335757305669703
Ariel Hukporti / Jordan Clarkson / Mikal Bridges,3,28,1771.0,16.20101637492942,4.776962168266516,0.3446808510638298,5.813664596273292,2.269230769230769,11.142857142857142,1.585544889892716,0.5625,0.45380070566791486,0.5329186731118646
Ariel Hukporti / Josh Hart,2,34,1544.0,11.518134715025907,2.378238341968912,0.38235294117647056,10.049222797927461,1.9081632653061225,8.352941176470589,2.284974093264249,0.5684357541899442,0.38426183526332347,0.5328588977708713
Jalen Brunson / Miles McBride / Precious Achiuwa,3,35,2914.0,18.14824982841455,5.028140013726836,0.36609336609336607,5.12697323266987,2.781021897810219,4.314285714285714,1.692518874399451,0.5386323268206039,0.4013887568162243,0.532317448037875
Cameron Payne / Josh Hart / Mikal Bridges,3,67,5997.0,14.989494747373687,4.778389194597299,0.35175879396984927,5.702851425712857,2.6621621621621623,8.223880597014926,1.7768884442221111,0.5566551212271152,0.43208612715160666,0.5322662044533968
Ariel Hukporti / Josh Hart / Mohamed Diawara,3,14,779.0,11.507060333761233,3.1887034659820284,0.391304347826087,10.259306803594352,2.0,16.642857142857142,2.079589216944801,0.5756756756756757,0.4213821747088251,0.5322583057316764
Josh Hart / Landry Shamet / Precious Achiuwa,3,27,2020.0,13.241584158415842,3.706930693069307,0.34134615384615385,8.465346534653465,2.2577319587628866,5.37037037037037,1.7287128712871287,0.5490033222591362,0.39491294214247274,0.5318764275073206
Cameron Payne / Josh Hart / Landry Shamet,3,28,1973.0,12.498732894069944,5.035985808413583,0.32608695652173914,6.605169792194627,2.5833333333333335,7.607142857142857,1.9706031424227066,0.511744966442953,0.3838751137426317,0.5316899155586355
OG Anunoby / Precious Achiuwa,2,45,2485.0,15.57344064386318,4.3605633802816905,0.36212624584717606,6.649496981891348,1.3428571428571427,4.4,1.5211267605633803,0.5375288683602771,0.35958272773101285,0.5309388193622914
Landry Shamet / Precious Achiuwa,2,31,1236.0,13.514563106796116,3.9611650485436893,0.38235294117647056,6.669902912621359,1.0,1.935483870967742,1.3106796116504855,0.5544041450777202,0.35305354163390346,0.5304470516959355
Jordan Clarkson / Mikal Bridges / Mitchell Robinson,3,59,4115.0,14.504981773997569,3.9455650060753342,0.34811529933481156,7.138760631834751,2.1464968152866244,10.576271186440678,1.3735115431348723,0.5767133956386293,0.467060233864536,0.5301161087410388
Jericho Sims / Mikal Bridges,2,25,1347.0,13.202672605790646,4.703786191536748,0.3522727272727273,5.585746102449889,1.7719298245614035,8.92,1.5233853006681515,0.5602836879432624,0.42220844012633596,0.5287558257522965
Cameron Payne / Jalen Brunson / Landry Shamet,3,19,1220.0,20.036065573770493,6.4032786885245905,0.3456221198156682,2.5672131147540984,2.6,3.3157894736842106,2.2131147540983607,0.5230627306273062,0.347245194967449,0.5265241385473654
Jose Alvarado / Mikal Bridges,2,33,1528.0,15.12565445026178,5.725130890052356,0.3374485596707819,3.887434554973822,3.4098360655737703,11.333333333333334,1.4371727748691099,0.5420560747663551,0.4911811048204716,0.5259671673493757
Jalen Brunson / Mikal Bridges / Precious Achiuwa,3,39,3780.0,19.276190476190475,4.752380952380952,0.3787575150300601,4.59047619047619,2.3969072164948453,3.641025641025641,1.8476190476190477,0.5618087182823682,0.3891374551589938,0.5255765587770493
Jericho Sims / Josh Hart / Mikal Bridges,3,24,2206.0,12.761559383499547,4.030825022665458,0.3441295546558704,6.723481414324569,2.442105263157895,11.916666666666666,1.5503173164097914,0.5789049919484702,0.4784405167185183,0.5250969631424536
Miles McBride / OG Anunoby / Precious Achiuwa,3,33,2639.0,13.39598332701781,5.197423266388784,0.3333333333333333,5.947707464948844,2.1808510638297873,7.666666666666667,1.2823039029935581,0.49541809851088203,0.3989730013912903,0.5242800363914155
Ariel Hukporti / Jose Alvarado / Josh Hart,3,11,641.0,12.861154446177848,3.931357254290172,0.35714285714285715,9.82839313572543,2.4358974358974357,23.181818181818183,2.1903276131045244,0.5684523809523809,0.4587305476111183,0.5220358871992288
Jordan Clarkson / Jose Alvarado / Mikal Bridges,3,22,1371.0,16.38512035010941,5.330415754923414,0.3497536945812808,3.859956236323851,2.737704918032787,20.136363636363637,1.6017505470459519,0.5584016393442623,0.5312047185203985,0.5210997913857258
Ariel Hukporti / Jalen Brunson,2,40,1935.0,21.61860465116279,5.097674418604651,0.3284671532846715,5.3023255813953485,2.483050847457627,6.7,2.1953488372093024,0.5365566037735849,0.37718518041996574,0.5205618482468245
Mikal Bridges / Miles McBride / Precious Achiuwa,3,40,3403.0,14.567146635321775,4.580664119894211,0.3741339491916859,4.919188950925654,2.532258064516129,5.5,1.311783720246841,0.5508771929824562,0.43112422596812705,0.518983849059332
Jalen Brunson / Josh Hart / Precious Achiuwa,3,35,3369.0,17.96260017809439,3.6865538735529833,0.3536231884057971,7.244879786286732,2.5873015873015874,4.171428571428572,2.0195903829029387,0.5589447650453421,0.38788778167984495,0.5185126799866018
Jordan Clarkson / Mitchell Robinson,2,59,2190.0,13.791780821917808,2.6136986301369864,0.32075471698113206,9.912328767123288,1.4086021505376345,6.067796610169491,1.5287671232876712,0.5845528455284553,0.4045492717386502,0.5173708999768372
Jericho Sims / Josh Hart,2,24,1280.0,10.603125,2.221875,0.34177215189873417,9.28125,2.689655172413793,6.291666666666667,1.63125,0.6312741312741312,0.47712968259770894,0.5160071514382853
Cameron Payne / Mikal Bridges / Precious Achiuwa,3,40,2961.0,15.987841945288753,4.583586626139818,0.363395225464191,4.911854103343465,2.242424242424242,4.125,1.6048632218844985,0.5542671614100185,0.39613866071375303,0.515286957659367
Cameron Payne / Landry Shamet / Mikal Bridges,3,31,2139.0,15.635343618513325,5.890603085553997,0.32571428571428573,3.2482468443197754,2.4380952380952383,5.967741935483871,1.7671809256661992,0.5374841168996188,0.39579589053356146,0.5144338915425036
Josh Hart / Mikal Bridges / Precious Achiuwa,3,48,4596.0,14.898172323759791,3.5404699738903394,0.3606194690265487,6.955613577023499,2.330357142857143,7.645833333333333,1.7545691906005223,0.5686868686868687,0.42530680826577805,0.5141423115672621
Cameron Payne / Miles McBride / Precious Achiuwa,3,32,2017.0,13.439762022806148,5.26524541398116,0.3254237288135593,5.640059494298463,3.4918032786885247,3.71875,1.0887456618740703,0.4830028328611898,0.4208467277347179,0.513876971014198
Delon Wright / Josh Hart / Landry Shamet,3,10,757.0,12.317040951122854,5.088507265521796,0.38317757009345793,5.516512549537649,2.8484848484848486,4.1,1.5693527080581242,0.5653266331658291,0.38280131695905256,0.5136552593611229
Jalen Brunson / Precious Achiuwa,2,39,2312.0,20.226643598615915,4.188581314878893,0.3680297397769517,5.7145328719723185,2.4393939393939394,0.20512820512820512,2.055363321799308,0.5465481171548117,0.34396325786091053,0.5135368624696609
Jordan Clarkson / Jose Alvarado / Mohamed Diawara,3,15,720.0,15.35,6.0,0.36666666666666664,4.6,2.7837837837837838,13.333333333333334,1.85,0.5396825396825397,0.4094685264554846,0.5133786956150486
Cameron Payne / Landry Shamet / Mitchell Robinson,3,13,655.0,12.641221374045802,5.001526717557252,0.3956043956043956,5.6061068702290076,2.08,1.9230769230769231,1.3740458015267176,0.582010582010582,0.35184092423510216,0.5127338547623259
Mikal Bridges / Mitchell Robinson,2,108,5720.0,13.726573426573427,3.1846153846153844,0.34782608695652173,7.684615384615385,2.165898617511521,5.814814814814815,1.3657342657342657,0.5797186400937866,0.43618749065927487,0.5110319654907403
Jordan Clarkson / Mohamed Diawara,2,28,938.0,14.968017057569297,5.680170575692964,0.3581081081081081,4.567164179104478,2.090909090909091,3.25,1.6886993603411513,0.5168711656441718,0.32862368135754383,0.5108233288898046
Jose Alvarado / Mikal Bridges / Miles McBride,3,11,647.0,15.357032457496135,6.398763523956723,0.3826086956521739,3.1715610510046366,2.6,24.545454545454547,1.3910355486862442,0.5555555555555556,0.5127949941493826,0.5089289178374174
Ariel Hukporti / Jalen Brunson / Jose Alvarado,3,11,670.0,19.611940298507463,5.695522388059701,0.3490566037735849,5.480597014925373,3.257142857142857,22.09090909090909,1.8805970149253732,0.5517857142857143,0.4902555149850802,0.5081129298407995
Mikal Bridges / Precious Achiuwa,2,52,3072.0,15.94921875,3.7734375,0.37888198757763975,5.390625,1.8248175182481752,3.6923076923076925,1.60546875,0.5743305632502308,0.39130533970926984,0.5058265915369274
Ariel Hukporti / Jose Alvarado / Mohamed Diawara,3,11,492.0,12.878048780487806,5.2682926829268295,0.3472222222222222,7.317073170731708,2.107142857142857,7.181818181818182,2.048780487804878,0.5535714285714286,0.316101047628717,0.505657121542362
Cameron Payne / Landry Shamet / Precious Achiuwa,3,25,1435.0,13.245993031358886,4.841811846689896,0.33678756476683935,5.418815331010453,2.0163934426229506,5.6,1.5303135888501742,0.5021141649048626,0.36835198446213613,0.5049999634918988
Cameron Payne / Miles McBride / Mitchell Robinson,3,18,996.0,12.325301204819278,4.626506024096385,0.3671875,6.072289156626506,2.9393939393939394,9.61111111111111,1.1927710843373494,0.5115131578947368,0.43554583866909236,0.5043997249350525
Ariel Hukporti / Jalen Brunson / Mitchell Robinson,3,13,820.0,18.4390243902439,3.731707317073171,0.32941176470588235,8.736585365853658,2.175,32.53846153846154,1.7560975609756098,0.5767918088737202,0.5648118253887724,0.5034444612693398
Landry Shamet / Mikal Bridges / Precious Achiuwa,3,30,2262.0,15.803713527851459,4.201591511936339,0.3484848484848485,5.092838196286472,1.6538461538461537,4.233333333333333,1.6551724137931034,0.5703517587939698,0.3835136119694992,0.5022989418689997
Cameron Payne / Josh Hart / Precious Achiuwa,3,36,2618.0,13.03590527119939,3.437738731856379,0.324,8.223071046600458,2.529850746268657,3.6666666666666665,1.842627960275019,0.524746192893401,0.3698421897020927,0.5014092525253497
Ariel Hukporti / Mikal Bridges / Mohamed Diawara,3,17,992.0,14.47983870967742,4.354838709677419,0.325,6.495967741935484,2.5428571428571427,8.058823529411764,1.2701612903225807,0.567524115755627,0.4424195246764629,0.5005516942245557
Delon Wright / Landry Shamet / Mikal Bridges,3,12,894.0,14.61744966442953,5.436241610738255,0.4,2.61744966442953,2.641025641025641,2.25,1.570469798657718,0.5719063545150501,0.38013100162677405,0.49980916310854306
Josh Hart / Miles McBride / Precious Achiuwa,3,36,2982.0,12.14486921529175,3.5010060362173037,0.3275862068965517,7.955734406438632,2.8780487804878048,6.416666666666667,1.4849094567404426,0.5178784266984505,0.41819184466223847,0.49851450809490583
Jordan Clarkson / Jose Alvarado,2,23,740.0,17.075675675675676,5.205405405405405,0.3925233644859813,4.378378378378378,2.558139534883721,12.521739130434783,2.091891891891892,0.555956678700361,0.39431267079728666,0.4976495865273709
Cameron Payne / Precious Achiuwa,2,41,1545.0,13.770873786407767,4.0077669902912625,0.3372093023255814,6.803883495145631,2.5161290322580645,1.7804878048780488,1.4446601941747572,0.5019157088122606,0.36384858006549614,0.4970250668565971
Ariel Hukporti / Jordan Clarkson / Josh Hart,3,21,1253.0,12.296887470071828,3.304070231444533,0.3130434782608696,8.590582601755786,2.0,19.19047619047619,2.298483639265762,0.5102040816326531,0.42562822974431236,0.49294209380706366
Miles McBride / Precious Achiuwa,2,41,1963.0,11.82883341823739,4.181355068772287,0.32894736842105265,6.565461029037188,2.9473684210526314,2.5121951219512195,1.0453387671930718,0.4890572390572391,0.3992100622180528,0.4916295737975084
Jalen Brunson / Landry Shamet / Precious Achiuwa,3,17,1280.0,17.94375,4.134375,0.3469387755102041,5.11875,2.1940298507462686,-1.1176470588235294,1.884375,0.5460921843687375,0.335324396427088,0.4914230740290102
Delon Wright / Josh Hart / OG Anunoby,3,10,917.0,15.821155943293348,4.711014176663031,0.3333333333333333,5.613958560523446,2.5121951219512195,3.8,1.609596510359869,0.5547945205479452,0.37527679604837394,0.4909395555843815
Josh Hart / Precious Achiuwa,2,48,2782.0,12.552120776419843,2.406901509705248,0.3172043010752688,9.731128684399712,2.4507042253521125,2.8541666666666665,1.837526959022286,0.5431372549019607,0.3736706862512953,0.4908826262071645
Mitchell Robinson / OG Anunoby / Precious Achiuwa,3,10,692.0,16.595375722543352,3.8497109826589595,0.36486486486486486,8.323699421965317,1.0,7.4,1.8208092485549132,0.530241935483871,0.29569084489482855,0.4884433982282932
Delon Wright / Karl-Anthony Towns / Mikal Bridges,3,11,963.0,18.35514018691589,4.0,0.35514018691588783,6.355140186915888,1.4794520547945205,1.3636363636363635,2.7289719626168223,0.5452196382428941,0.2541154088227512,0.4875296508448046
Delon Wright / Karl-Anthony Towns,2,11,577.0,18.842287694974004,3.930675909878683,0.3492063492063492,8.984402079722704,1.1,3.4545454545454546,3.119584055459272,0.537117903930131,0.1888012751396057,0.4869156092687506
Cameron Payne / Mikal Bridges / Mitchell Robinson,3,20,1375.0,14.530909090909091,3.874909090909091,0.3310810810810811,5.8385454545454545,2.3548387096774195,-0.7,1.6232727272727272,0.5447598253275109,0.3583468490707642,0.48642429045012436
Delon Wright / Mikal Bridges / OG Anunoby,3,11,1001.0,17.406593406593405,5.178821178821178,0.3541666666666667,3.1648351648351647,2.2444444444444445,2.090909090909091,1.6183816183816184,0.55249343832021,0.35982321153638397,0.4831764832863685
Ariel Hukporti / Jose Alvarado / Mikal Bridges,3,12,716.0,15.58659217877095,5.4804469273743015,0.28440366972477066,5.88268156424581,2.2857142857142856,15.75,1.7597765363128492,0.5475206611570248,0.41887379141759007,0.4810750197067547
Cameron Payne / Jalen Brunson / Mitchell Robinson,3,13,883.0,20.221970554926386,5.381653454133636,0.29545454545454547,5.300113250283125,2.3773584905660377,-0.7692307692307693,2.160815402038505,0.5156657963446475,0.2765098720174212,0.47814776822110133
Cameron Payne / Josh Hart / Mitchell Robinson,3,20,1363.0,10.644167278063096,3.4071900220102713,0.29457364341085274,8.187820983125459,2.59375,2.35,1.690388848129127,0.49859943977591037,0.35425094515503774,0.47778713969912256
Delon Wright / OG Anunoby,2,11,612.0,17.529411764705884,5.647058823529412,0.3541666666666667,3.6470588235294117,2.217391304347826,1.0909090909090908,1.3529411764705883,0.5668202764976958,0.3376955637434995,0.4756117966938165
Ariel Hukporti / Mikal Bridges / Mitchell Robinson,3,14,845.0,14.82603550295858,2.6840236686390533,0.30158730158730157,9.372781065088757,1.6944444444444444,23.642857142857142,1.5337278106508876,0.606,0.5187606998650973,0.4736812885488588
Ariel Hukporti / Jose Alvarado,2,13,405.0,13.6,4.622222222222222,0.3269230769230769,7.911111111111111,2.0833333333333335,6.230769230769231,2.1333333333333333,0.5504201680672269,0.2927609866255483,0.47217993316244494
Ariel Hukporti / Jordan Clarkson / Jose Alvarado,3,10,454.0,15.62114537444934,4.6784140969163,0.3389830508474576,7.057268722466961,1.8,17.0,2.3788546255506606,0.5562913907284768,0.3540554227526582,0.4716557997830021
Ariel Hukporti / Cameron Payne / Mikal Bridges,3,10,675.0,15.04,4.8533333333333335,0.3626373626373626,4.48,2.0625,-2.6,1.7066666666666668,0.5383064516129032,0.27266891700750684,0.4600645932038654
Cameron Payne / Mitchell Robinson,2,20,632.0,12.246835443037975,3.7025316455696204,0.3384615384615385,7.860759493670886,2.4166666666666665,1.7,1.3670886075949367,0.5388888888888889,0.3318849428049392,0.45968687029316596
Mikal Bridges / Mitchell Robinson / Precious Achiuwa,3,10,694.0,16.13256484149856,2.9048991354466858,0.39285714285714285,7.417867435158501,1.5,9.3,2.07492795389049,0.552,0.3270765088512091,0.45588809595780927
Ariel Hukporti / Jordan Clarkson / Mitchell Robinson,3,14,682.0,12.668621700879765,2.2170087976539588,0.30952380952380953,10.715542521994134,1.0,17.5,2.1114369501466275,0.5701754385964912,0.37641418434886514,0.45446276935249486
Ariel Hukporti / Jordan Clarkson / Mohamed Diawara,3,16,749.0,12.833110814419225,4.037383177570093,0.3333333333333333,6.825100133511349,1.7714285714285714,3.6875,1.6822429906542056,0.5045871559633027,0.29361986477076507,0.45259501450268397
Ariel Hukporti / Jordan Clarkson,2,29,930.0,13.432258064516128,3.52258064516129,0.3076923076923077,7.2387096774193544,1.290909090909091,3.689655172413793,2.129032258064516,0.5,0.26552560223561705,0.44498449093869324
Ariel Hukporti / Cameron Payne / Jalen Brunson,3,10,638.0,22.231974921630094,5.021943573667712,0.34831460674157305,4.1191222570532915,2.5238095238095237,-6.0,2.3699059561128526,0.5192307692307693,0.2101347116064431,0.4438634484789197
Ariel Hukporti / Mohamed Diawara,2,18,537.0,10.659217877094973,3.083798882681564,0.34782608695652173,8.245810055865922,1.5416666666666667,-1.4444444444444444,1.6089385474860336,0.5573770491803278,0.2667219276774619,0.4432472192318954
Ariel Hukporti / Mitchell Robinson / Mohamed Diawara,3,11,485.0,12.098969072164948,1.9298969072164949,0.2692307692307692,12.024742268041237,1.1,10.363636363636363,1.4845360824742269,0.6061946902654868,0.3695509599304627,0.44044086550525274
Delon Wright / Josh Hart / Mikal Bridges,3,10,917.0,13.387131952017448,3.7295528898582333,0.3157894736842105,4.8680479825518,2.6041666666666665,4.4,1.8844056706652126,0.524822695035461,0.3470751324546548,0.422064122448934
Delon Wright / Mikal Bridges,2,12,660.0,14.290909090909091,4.1454545454545455,0.34210526315789475,2.5090909090909093,2.71875,0.8333333333333334,1.7454545454545454,0.5377777777777778,0.316652209554048,0.3872701214129316
Ariel Hukporti / Cameron Payne,2,10,298.0,12.684563758389261,3.865771812080537,0.34375,5.677852348993288,2.0588235294117645,-4.8,2.053691275167785,0.5,0.17362497832270912,0.3839069380097274
Delon Wright / Josh Hart,2,10,557.0,10.922800718132855,3.360861759425494,0.28846153846153844,6.3985637342908435,2.962962962962963,1.1,1.7450628366247756,0.5152671755725191,0.30214185512528496,0.3831639369306203
Josh Hart / Mitchell Robinson / Precious Achiuwa,3,10,679.0,9.172312223858615,1.8556701030927836,0.22857142857142856,10.49779086892489,2.5,7.4,1.6966126656848306,0.436046511627907,0.29307649208499764,0.3557213006194616
Ariel Hukporti / Mitchell Robinson,2,14,452.0,11.309734513274336,0.1592920353982301,0.0,13.938053097345133,0.6363636363636364,11.785714285714286,1.752212389380531,0.6987951807228916,0.4055489717341225,0.31218883526774377
Mitchell Robinson / Precious Achiuwa,2,10,327.0,10.01834862385321,0.22018348623853212,0.0,11.889908256880734,0.7333333333333333,2.3,1.651376146788991,0.4642857142857143,0.179346121934517,0.18856865936600534
